-- --------------------------------------------------------
-- Host:                         127.0.0.1
-- Versión del servidor:         5.6.19-0ubuntu0.14.04.1 - (Ubuntu)
-- SO del servidor:              debian-linux-gnu
-- HeidiSQL Versión:             9.2.0.4947
-- --------------------------------------------------------

/*!40101 SET @OLD_CHARACTER_SET_CLIENT=@@CHARACTER_SET_CLIENT */;
/*!40101 SET NAMES utf8mb4 */;
/*!40014 SET @OLD_FOREIGN_KEY_CHECKS=@@FOREIGN_KEY_CHECKS, FOREIGN_KEY_CHECKS=0 */;
/*!40101 SET @OLD_SQL_MODE=@@SQL_MODE, SQL_MODE='NO_AUTO_VALUE_ON_ZERO' */;

-- Volcando estructura de base de datos para MyFood_development
CREATE DATABASE IF NOT EXISTS `MyFood_development` /*!40100 DEFAULT CHARACTER SET latin1 */;
USE `MyFood_development`;


-- Volcando estructura para tabla MyFood_development.ciudads
CREATE TABLE IF NOT EXISTS `ciudads` (
  `id` int(11) NOT NULL AUTO_INCREMENT,
  `NombreCiudad` varchar(255) DEFAULT NULL,
  `created_at` datetime NOT NULL,
  `updated_at` datetime NOT NULL,
  PRIMARY KEY (`id`)
) ENGINE=InnoDB DEFAULT CHARSET=latin1;

-- Volcando datos para la tabla MyFood_development.ciudads: ~0 rows (aproximadamente)
/*!40000 ALTER TABLE `ciudads` DISABLE KEYS */;
/*!40000 ALTER TABLE `ciudads` ENABLE KEYS */;


-- Volcando estructura para tabla MyFood_development.clientes
CREATE TABLE IF NOT EXISTS `clientes` (
  `id` int(11) NOT NULL AUTO_INCREMENT,
  `Estado` int(11) DEFAULT NULL,
  `Persona_id` int(11) DEFAULT NULL,
  `created_at` datetime NOT NULL,
  `updated_at` datetime NOT NULL,
  PRIMARY KEY (`id`),
  KEY `fk_rails_4a33f82d19` (`Persona_id`),
  CONSTRAINT `fk_rails_4a33f82d19` FOREIGN KEY (`Persona_id`) REFERENCES `personas` (`id`)
) ENGINE=InnoDB DEFAULT CHARSET=latin1;

-- Volcando datos para la tabla MyFood_development.clientes: ~0 rows (aproximadamente)
/*!40000 ALTER TABLE `clientes` DISABLE KEYS */;
/*!40000 ALTER TABLE `clientes` ENABLE KEYS */;


-- Volcando estructura para tabla MyFood_development.departamentos
CREATE TABLE IF NOT EXISTS `departamentos` (
  `id` int(11) NOT NULL AUTO_INCREMENT,
  `NombreDepartamento` varchar(255) DEFAULT NULL,
  `created_at` datetime NOT NULL,
  `updated_at` datetime NOT NULL,
  PRIMARY KEY (`id`)
) ENGINE=InnoDB AUTO_INCREMENT=33 DEFAULT CHARSET=latin1;

-- Volcando datos para la tabla MyFood_development.departamentos: ~32 rows (aproximadamente)
/*!40000 ALTER TABLE `departamentos` DISABLE KEYS */;
INSERT INTO `departamentos` (`id`, `NombreDepartamento`, `created_at`, `updated_at`) VALUES
	(1, 'Amazonas', '0000-00-00 00:00:00', '0000-00-00 00:00:00'),
	(2, 'Antioquia', '0000-00-00 00:00:00', '0000-00-00 00:00:00'),
	(3, 'Arauca', '0000-00-00 00:00:00', '0000-00-00 00:00:00'),
	(4, 'Atlántico', '0000-00-00 00:00:00', '0000-00-00 00:00:00'),
	(5, 'Bolívar', '0000-00-00 00:00:00', '0000-00-00 00:00:00'),
	(6, 'Boyacá', '0000-00-00 00:00:00', '0000-00-00 00:00:00'),
	(7, 'Caldas', '0000-00-00 00:00:00', '0000-00-00 00:00:00'),
	(8, 'Caquetá', '0000-00-00 00:00:00', '0000-00-00 00:00:00'),
	(9, 'Casanare', '0000-00-00 00:00:00', '0000-00-00 00:00:00'),
	(10, 'Cauca', '0000-00-00 00:00:00', '0000-00-00 00:00:00'),
	(11, 'Cesar', '0000-00-00 00:00:00', '0000-00-00 00:00:00'),
	(12, 'Chocó', '0000-00-00 00:00:00', '0000-00-00 00:00:00'),
	(13, 'Córdoba', '0000-00-00 00:00:00', '0000-00-00 00:00:00'),
	(14, 'Cundinamarca', '0000-00-00 00:00:00', '0000-00-00 00:00:00'),
	(15, 'Güainia', '0000-00-00 00:00:00', '0000-00-00 00:00:00'),
	(16, 'Guaviare', '0000-00-00 00:00:00', '0000-00-00 00:00:00'),
	(17, 'Huila', '0000-00-00 00:00:00', '0000-00-00 00:00:00'),
	(18, 'La Guajira', '0000-00-00 00:00:00', '0000-00-00 00:00:00'),
	(19, 'Magdalena', '0000-00-00 00:00:00', '0000-00-00 00:00:00'),
	(20, 'Meta', '0000-00-00 00:00:00', '0000-00-00 00:00:00'),
	(21, 'Nariño', '0000-00-00 00:00:00', '0000-00-00 00:00:00'),
	(22, 'Norte de Santander', '0000-00-00 00:00:00', '0000-00-00 00:00:00'),
	(23, 'Putumayo', '0000-00-00 00:00:00', '0000-00-00 00:00:00'),
	(24, 'Quindo', '0000-00-00 00:00:00', '0000-00-00 00:00:00'),
	(25, 'Risaralda', '0000-00-00 00:00:00', '0000-00-00 00:00:00'),
	(26, 'San Andrés y Providencia', '0000-00-00 00:00:00', '0000-00-00 00:00:00'),
	(27, 'Santander', '0000-00-00 00:00:00', '0000-00-00 00:00:00'),
	(28, 'Sucre', '0000-00-00 00:00:00', '0000-00-00 00:00:00'),
	(29, 'Tolima', '0000-00-00 00:00:00', '0000-00-00 00:00:00'),
	(30, 'Valle del Cauca', '0000-00-00 00:00:00', '0000-00-00 00:00:00'),
	(31, 'Vaupés', '0000-00-00 00:00:00', '0000-00-00 00:00:00'),
	(32, 'Vichada', '0000-00-00 00:00:00', '0000-00-00 00:00:00');
/*!40000 ALTER TABLE `departamentos` ENABLE KEYS */;


-- Volcando estructura para tabla MyFood_development.detalle_menu_dia
CREATE TABLE IF NOT EXISTS `detalle_menu_dia` (
  `id` int(11) NOT NULL AUTO_INCREMENT,
  `Nota` text,
  `Plato_id` int(11) DEFAULT NULL,
  `Menu_Dia_id` int(11) DEFAULT NULL,
  `created_at` datetime NOT NULL,
  `updated_at` datetime NOT NULL,
  PRIMARY KEY (`id`),
  KEY `fk_rails_62279e78d5` (`Plato_id`),
  KEY `fk_rails_9c0e275c42` (`Menu_Dia_id`),
  CONSTRAINT `fk_rails_9c0e275c42` FOREIGN KEY (`Menu_Dia_id`) REFERENCES `menu_dia` (`id`),
  CONSTRAINT `fk_rails_62279e78d5` FOREIGN KEY (`Plato_id`) REFERENCES `platos` (`id`)
) ENGINE=InnoDB DEFAULT CHARSET=latin1;

-- Volcando datos para la tabla MyFood_development.detalle_menu_dia: ~0 rows (aproximadamente)
/*!40000 ALTER TABLE `detalle_menu_dia` DISABLE KEYS */;
/*!40000 ALTER TABLE `detalle_menu_dia` ENABLE KEYS */;


-- Volcando estructura para tabla MyFood_development.detalle_pedidos
CREATE TABLE IF NOT EXISTS `detalle_pedidos` (
  `id` int(11) NOT NULL AUTO_INCREMENT,
  `Cantidad` int(11) DEFAULT NULL,
  `Subtotal` decimal(10,0) DEFAULT NULL,
  `IVA` decimal(10,0) DEFAULT NULL,
  `totalpagar` decimal(10,0) DEFAULT NULL,
  `Plato_id` int(11) DEFAULT NULL,
  `Pedido_id` int(11) DEFAULT NULL,
  `created_at` datetime NOT NULL,
  `updated_at` datetime NOT NULL,
  PRIMARY KEY (`id`),
  KEY `fk_rails_8656bd21e1` (`Plato_id`),
  KEY `fk_rails_d31de940fc` (`Pedido_id`),
  CONSTRAINT `fk_rails_d31de940fc` FOREIGN KEY (`Pedido_id`) REFERENCES `pedidos` (`id`),
  CONSTRAINT `fk_rails_8656bd21e1` FOREIGN KEY (`Plato_id`) REFERENCES `platos` (`id`)
) ENGINE=InnoDB DEFAULT CHARSET=latin1;

-- Volcando datos para la tabla MyFood_development.detalle_pedidos: ~0 rows (aproximadamente)
/*!40000 ALTER TABLE `detalle_pedidos` DISABLE KEYS */;
/*!40000 ALTER TABLE `detalle_pedidos` ENABLE KEYS */;


-- Volcando estructura para tabla MyFood_development.detalle_platos
CREATE TABLE IF NOT EXISTS `detalle_platos` (
  `id` int(11) NOT NULL AUTO_INCREMENT,
  `CantidadIngrediente` int(11) DEFAULT NULL,
  `Plato_id` int(11) DEFAULT NULL,
  `Ingrediente_id` int(11) DEFAULT NULL,
  `Plato_componente_id` int(11) DEFAULT NULL,
  `created_at` datetime NOT NULL,
  `updated_at` datetime NOT NULL,
  PRIMARY KEY (`id`),
  KEY `fk_rails_5c381e0a1f` (`Plato_id`),
  KEY `fk_rails_c2e7d816db` (`Ingrediente_id`),
  KEY `fk_rails_eff6637ee4` (`Plato_componente_id`),
  CONSTRAINT `fk_rails_eff6637ee4` FOREIGN KEY (`Plato_componente_id`) REFERENCES `platos` (`id`),
  CONSTRAINT `fk_rails_5c381e0a1f` FOREIGN KEY (`Plato_id`) REFERENCES `platos` (`id`),
  CONSTRAINT `fk_rails_c2e7d816db` FOREIGN KEY (`Ingrediente_id`) REFERENCES `ingredientes` (`id`)
) ENGINE=InnoDB DEFAULT CHARSET=latin1;

-- Volcando datos para la tabla MyFood_development.detalle_platos: ~0 rows (aproximadamente)
/*!40000 ALTER TABLE `detalle_platos` DISABLE KEYS */;
/*!40000 ALTER TABLE `detalle_platos` ENABLE KEYS */;


-- Volcando estructura para tabla MyFood_development.detalle_valor_nutricionals
CREATE TABLE IF NOT EXISTS `detalle_valor_nutricionals` (
  `id` int(11) NOT NULL AUTO_INCREMENT,
  `Cantidad` decimal(10,0) DEFAULT NULL,
  `Porcentaje` varchar(255) DEFAULT NULL,
  `UnidadMedida_id` int(11) DEFAULT NULL,
  `NombreNutricional_id` int(11) DEFAULT NULL,
  `ValorNutricional_id` int(11) DEFAULT NULL,
  `created_at` datetime NOT NULL,
  `updated_at` datetime NOT NULL,
  PRIMARY KEY (`id`),
  KEY `fk_rails_09e91445bb` (`UnidadMedida_id`),
  KEY `fk_rails_6d54e7b5cb` (`NombreNutricional_id`),
  KEY `fk_rails_092900f254` (`ValorNutricional_id`),
  CONSTRAINT `fk_rails_092900f254` FOREIGN KEY (`ValorNutricional_id`) REFERENCES `valor_nutricionals` (`id`),
  CONSTRAINT `fk_rails_09e91445bb` FOREIGN KEY (`UnidadMedida_id`) REFERENCES `unidad_medidas` (`id`),
  CONSTRAINT `fk_rails_6d54e7b5cb` FOREIGN KEY (`NombreNutricional_id`) REFERENCES `nombre_nutricionals` (`id`)
) ENGINE=InnoDB DEFAULT CHARSET=latin1;

-- Volcando datos para la tabla MyFood_development.detalle_valor_nutricionals: ~0 rows (aproximadamente)
/*!40000 ALTER TABLE `detalle_valor_nutricionals` DISABLE KEYS */;
/*!40000 ALTER TABLE `detalle_valor_nutricionals` ENABLE KEYS */;


-- Volcando estructura para tabla MyFood_development.empleados
CREATE TABLE IF NOT EXISTS `empleados` (
  `id` int(11) NOT NULL AUTO_INCREMENT,
  `Estado` blob,
  `Rol_id` int(11) DEFAULT NULL,
  `Persona_id` int(11) DEFAULT NULL,
  `created_at` datetime NOT NULL,
  `updated_at` datetime NOT NULL,
  PRIMARY KEY (`id`),
  KEY `fk_rails_52298d6b48` (`Rol_id`),
  KEY `fk_rails_88f3acca37` (`Persona_id`),
  CONSTRAINT `fk_rails_88f3acca37` FOREIGN KEY (`Persona_id`) REFERENCES `personas` (`id`),
  CONSTRAINT `fk_rails_52298d6b48` FOREIGN KEY (`Rol_id`) REFERENCES `rols` (`id`)
) ENGINE=InnoDB DEFAULT CHARSET=latin1;

-- Volcando datos para la tabla MyFood_development.empleados: ~0 rows (aproximadamente)
/*!40000 ALTER TABLE `empleados` DISABLE KEYS */;
/*!40000 ALTER TABLE `empleados` ENABLE KEYS */;


-- Volcando estructura para tabla MyFood_development.empresas
CREATE TABLE IF NOT EXISTS `empresas` (
  `id` int(11) NOT NULL AUTO_INCREMENT,
  `Nombre_empresa` varchar(255) DEFAULT NULL,
  `NIT` varchar(255) DEFAULT NULL,
  `Direccion` varchar(255) DEFAULT NULL,
  `Ciudad` varchar(255) DEFAULT NULL,
  `Telefono` varchar(255) DEFAULT NULL,
  `Celular` varchar(255) DEFAULT NULL,
  `Correo1` varchar(255) DEFAULT NULL,
  `Correo2` varchar(255) DEFAULT NULL,
  `PaginaWeb` varchar(255) DEFAULT NULL,
  `Estado` blob,
  `Proveedor` blob,
  `Imagen_logo_id` int(11) DEFAULT NULL,
  `created_at` datetime NOT NULL,
  `updated_at` datetime NOT NULL,
  PRIMARY KEY (`id`),
  KEY `fk_rails_bb40f84df6` (`Imagen_logo_id`),
  CONSTRAINT `fk_rails_bb40f84df6` FOREIGN KEY (`Imagen_logo_id`) REFERENCES `imagens` (`id`)
) ENGINE=InnoDB DEFAULT CHARSET=latin1;

-- Volcando datos para la tabla MyFood_development.empresas: ~0 rows (aproximadamente)
/*!40000 ALTER TABLE `empresas` DISABLE KEYS */;
/*!40000 ALTER TABLE `empresas` ENABLE KEYS */;


-- Volcando estructura para tabla MyFood_development.estado_pedidos
CREATE TABLE IF NOT EXISTS `estado_pedidos` (
  `id` int(11) NOT NULL AUTO_INCREMENT,
  `NombreEstado` varchar(255) DEFAULT NULL,
  `Detalles` text,
  `created_at` datetime NOT NULL,
  `updated_at` datetime NOT NULL,
  PRIMARY KEY (`id`)
) ENGINE=InnoDB DEFAULT CHARSET=latin1;

-- Volcando datos para la tabla MyFood_development.estado_pedidos: ~0 rows (aproximadamente)
/*!40000 ALTER TABLE `estado_pedidos` DISABLE KEYS */;
/*!40000 ALTER TABLE `estado_pedidos` ENABLE KEYS */;


-- Volcando estructura para tabla MyFood_development.imagens
CREATE TABLE IF NOT EXISTS `imagens` (
  `id` int(11) NOT NULL AUTO_INCREMENT,
  `NombreImagen` text,
  `Estado` int(11) DEFAULT NULL,
  `Descripcion` varchar(500) DEFAULT NULL,
  `Contenido` blob,
  `ancho` int(11) DEFAULT NULL,
  `alto` int(11) DEFAULT NULL,
  `created_at` datetime NOT NULL,
  `updated_at` datetime NOT NULL,
  `image_file_name` varchar(255) DEFAULT NULL,
  `image_content_type` varchar(255) DEFAULT NULL,
  `image_file_size` int(11) DEFAULT NULL,
  `image_updated_at` datetime DEFAULT NULL,
  PRIMARY KEY (`id`)
) ENGINE=InnoDB AUTO_INCREMENT=2 DEFAULT CHARSET=latin1;

-- Volcando datos para la tabla MyFood_development.imagens: ~1 rows (aproximadamente)
/*!40000 ALTER TABLE `imagens` DISABLE KEYS */;
INSERT INTO `imagens` (`id`, `NombreImagen`, `Estado`, `Descripcion`, `Contenido`, `ancho`, `alto`, `created_at`, `updated_at`, `image_file_name`, `image_content_type`, `image_file_size`, `image_updated_at`) VALUES
	(1, 'Ninguno', 1, 'Ninguna', _binary 0x4E616461, 1, 1, '2015-05-22 19:21:58', '2015-05-22 19:21:58', '11188400_896376537090036_2194938394912758616_n.jpg', 'image/jpeg', 8425, '2015-05-22 19:21:58');
/*!40000 ALTER TABLE `imagens` ENABLE KEYS */;


-- Volcando estructura para tabla MyFood_development.ingredientes
CREATE TABLE IF NOT EXISTS `ingredientes` (
  `id` int(11) NOT NULL AUTO_INCREMENT,
  `NombreIngrediente` varchar(255) DEFAULT NULL,
  `Detalles` text,
  `IVA` int(11) DEFAULT NULL,
  `TipoIngrediente_id` int(11) DEFAULT NULL,
  `created_at` datetime NOT NULL,
  `updated_at` datetime NOT NULL,
  PRIMARY KEY (`id`),
  KEY `fk_rails_4390724963` (`TipoIngrediente_id`),
  CONSTRAINT `fk_rails_4390724963` FOREIGN KEY (`TipoIngrediente_id`) REFERENCES `tipo_ingredientes` (`id`)
) ENGINE=InnoDB AUTO_INCREMENT=4 DEFAULT CHARSET=latin1;

-- Volcando datos para la tabla MyFood_development.ingredientes: ~3 rows (aproximadamente)
/*!40000 ALTER TABLE `ingredientes` DISABLE KEYS */;
INSERT INTO `ingredientes` (`id`, `NombreIngrediente`, `Detalles`, `IVA`, `TipoIngrediente_id`, `created_at`, `updated_at`) VALUES
	(1, 'Leche de vaca', '', 16, 1, '2015-05-22 20:02:26', '2015-05-22 20:02:26'),
	(2, 'Huevo de codorniz', '', 5, 2, '2015-05-22 20:03:22', '2015-05-22 20:03:22'),
	(3, 'Huevo de gallina', '', 5, 2, '2015-05-22 20:03:38', '2015-05-22 20:03:38');
/*!40000 ALTER TABLE `ingredientes` ENABLE KEYS */;


-- Volcando estructura para tabla MyFood_development.menu_dia
CREATE TABLE IF NOT EXISTS `menu_dia` (
  `id` int(11) NOT NULL AUTO_INCREMENT,
  `Dia` varchar(255) DEFAULT NULL,
  `Estado` blob,
  `created_at` datetime NOT NULL,
  `updated_at` datetime NOT NULL,
  PRIMARY KEY (`id`)
) ENGINE=InnoDB DEFAULT CHARSET=latin1;

-- Volcando datos para la tabla MyFood_development.menu_dia: ~0 rows (aproximadamente)
/*!40000 ALTER TABLE `menu_dia` DISABLE KEYS */;
/*!40000 ALTER TABLE `menu_dia` ENABLE KEYS */;


-- Volcando estructura para tabla MyFood_development.mesas
CREATE TABLE IF NOT EXISTS `mesas` (
  `id` int(11) NOT NULL AUTO_INCREMENT,
  `NumeroMesa` int(11) DEFAULT NULL,
  `Disponibilidad` blob,
  `Nota` text,
  `Maximo_personas` int(11) DEFAULT NULL,
  `Estado` varchar(255) DEFAULT NULL,
  `Detalle` varchar(255) DEFAULT NULL,
  `created_at` datetime NOT NULL,
  `updated_at` datetime NOT NULL,
  PRIMARY KEY (`id`)
) ENGINE=InnoDB AUTO_INCREMENT=2 DEFAULT CHARSET=latin1;

-- Volcando datos para la tabla MyFood_development.mesas: ~1 rows (aproximadamente)
/*!40000 ALTER TABLE `mesas` DISABLE KEYS */;
INSERT INTO `mesas` (`id`, `NumeroMesa`, `Disponibilidad`, `Nota`, `Maximo_personas`, `Estado`, `Detalle`, `created_at`, `updated_at`) VALUES
	(1, 1, _binary 0x31, '', 5, '', '', '2015-05-20 14:40:24', '2015-05-20 14:40:24');
/*!40000 ALTER TABLE `mesas` ENABLE KEYS */;


-- Volcando estructura para tabla MyFood_development.municipios
CREATE TABLE IF NOT EXISTS `municipios` (
  `id` int(11) NOT NULL AUTO_INCREMENT,
  `NombreMunicipio` varchar(255) DEFAULT NULL,
  `departamento_id` int(11) DEFAULT NULL,
  `created_at` datetime NOT NULL,
  `updated_at` datetime NOT NULL,
  PRIMARY KEY (`id`),
  KEY `fk_rails_3e2b31ed2a` (`departamento_id`),
  CONSTRAINT `fk_rails_3e2b31ed2a` FOREIGN KEY (`departamento_id`) REFERENCES `departamentos` (`id`)
) ENGINE=InnoDB AUTO_INCREMENT=1103 DEFAULT CHARSET=latin1;

-- Volcando datos para la tabla MyFood_development.municipios: ~0 rows (aproximadamente)
/*!40000 ALTER TABLE `municipios` DISABLE KEYS */;
INSERT INTO `municipios` (`id`, `NombreMunicipio`, `departamento_id`, `created_at`, `updated_at`) VALUES
	(1, 'Leticia', 1, '0000-00-00 00:00:00', '0000-00-00 00:00:00'),
	(2, 'Puerto Nariño', 1, '0000-00-00 00:00:00', '0000-00-00 00:00:00'),
	(3, 'Abejorral', 2, '0000-00-00 00:00:00', '0000-00-00 00:00:00'),
	(4, 'Abriaquí', 2, '0000-00-00 00:00:00', '0000-00-00 00:00:00'),
	(5, 'Alejandria', 2, '0000-00-00 00:00:00', '0000-00-00 00:00:00'),
	(6, 'Amagá', 2, '0000-00-00 00:00:00', '0000-00-00 00:00:00'),
	(7, 'Amalfi', 2, '0000-00-00 00:00:00', '0000-00-00 00:00:00'),
	(8, 'Andes', 2, '0000-00-00 00:00:00', '0000-00-00 00:00:00'),
	(9, 'Angelópolis', 2, '0000-00-00 00:00:00', '0000-00-00 00:00:00'),
	(10, 'Angostura', 2, '0000-00-00 00:00:00', '0000-00-00 00:00:00'),
	(11, 'Anorí', 2, '0000-00-00 00:00:00', '0000-00-00 00:00:00'),
	(12, 'Anzá', 2, '0000-00-00 00:00:00', '0000-00-00 00:00:00'),
	(13, 'Apartadó', 2, '0000-00-00 00:00:00', '0000-00-00 00:00:00'),
	(14, 'Arboletes', 2, '0000-00-00 00:00:00', '0000-00-00 00:00:00'),
	(15, 'Argelia', 2, '0000-00-00 00:00:00', '0000-00-00 00:00:00'),
	(16, 'Armenia', 2, '0000-00-00 00:00:00', '0000-00-00 00:00:00'),
	(17, 'Barbosa', 2, '0000-00-00 00:00:00', '0000-00-00 00:00:00'),
	(18, 'Bello', 2, '0000-00-00 00:00:00', '0000-00-00 00:00:00'),
	(19, 'Belmira', 2, '0000-00-00 00:00:00', '0000-00-00 00:00:00'),
	(20, 'Betania', 2, '0000-00-00 00:00:00', '0000-00-00 00:00:00'),
	(21, 'Betulia', 2, '0000-00-00 00:00:00', '0000-00-00 00:00:00'),
	(22, 'Bolívar', 2, '0000-00-00 00:00:00', '0000-00-00 00:00:00'),
	(23, 'Briceño', 2, '0000-00-00 00:00:00', '0000-00-00 00:00:00'),
	(24, 'Burítica', 2, '0000-00-00 00:00:00', '0000-00-00 00:00:00'),
	(25, 'Caicedo', 2, '0000-00-00 00:00:00', '0000-00-00 00:00:00'),
	(26, 'Caldas', 2, '0000-00-00 00:00:00', '0000-00-00 00:00:00'),
	(27, 'Campamento', 2, '0000-00-00 00:00:00', '0000-00-00 00:00:00'),
	(28, 'Caracolí', 2, '0000-00-00 00:00:00', '0000-00-00 00:00:00'),
	(29, 'Caramanta', 2, '0000-00-00 00:00:00', '0000-00-00 00:00:00'),
	(30, 'Carepa', 2, '0000-00-00 00:00:00', '0000-00-00 00:00:00'),
	(31, 'Carmen de Viboral', 2, '0000-00-00 00:00:00', '0000-00-00 00:00:00'),
	(32, 'Carolina', 2, '0000-00-00 00:00:00', '0000-00-00 00:00:00'),
	(33, 'Caucasia', 2, '0000-00-00 00:00:00', '0000-00-00 00:00:00'),
	(34, 'Cañasgordas', 2, '0000-00-00 00:00:00', '0000-00-00 00:00:00'),
	(35, 'Chigorodó', 2, '0000-00-00 00:00:00', '0000-00-00 00:00:00'),
	(36, 'Cisneros', 2, '0000-00-00 00:00:00', '0000-00-00 00:00:00'),
	(37, 'Cocorná', 2, '0000-00-00 00:00:00', '0000-00-00 00:00:00'),
	(38, 'Concepción', 2, '0000-00-00 00:00:00', '0000-00-00 00:00:00'),
	(39, 'Concordia', 2, '0000-00-00 00:00:00', '0000-00-00 00:00:00'),
	(40, 'Copacabana', 2, '0000-00-00 00:00:00', '0000-00-00 00:00:00'),
	(41, 'Cáceres', 2, '0000-00-00 00:00:00', '0000-00-00 00:00:00'),
	(42, 'Dabeiba', 2, '0000-00-00 00:00:00', '0000-00-00 00:00:00'),
	(43, 'Don Matías', 2, '0000-00-00 00:00:00', '0000-00-00 00:00:00'),
	(44, 'Ebéjico', 2, '0000-00-00 00:00:00', '0000-00-00 00:00:00'),
	(45, 'El Bagre', 2, '0000-00-00 00:00:00', '0000-00-00 00:00:00'),
	(46, 'Entrerríos', 2, '0000-00-00 00:00:00', '0000-00-00 00:00:00'),
	(47, 'Envigado', 2, '0000-00-00 00:00:00', '0000-00-00 00:00:00'),
	(48, 'Fredonia', 2, '0000-00-00 00:00:00', '0000-00-00 00:00:00'),
	(49, 'Frontino', 2, '0000-00-00 00:00:00', '0000-00-00 00:00:00'),
	(50, 'Giraldo', 2, '0000-00-00 00:00:00', '0000-00-00 00:00:00'),
	(51, 'Girardota', 2, '0000-00-00 00:00:00', '0000-00-00 00:00:00'),
	(52, 'Granada', 2, '0000-00-00 00:00:00', '0000-00-00 00:00:00'),
	(53, 'Guadalupe', 2, '0000-00-00 00:00:00', '0000-00-00 00:00:00'),
	(54, 'Guarne', 2, '0000-00-00 00:00:00', '0000-00-00 00:00:00'),
	(55, 'Guatapé', 2, '0000-00-00 00:00:00', '0000-00-00 00:00:00'),
	(56, 'Gómez Plata', 2, '0000-00-00 00:00:00', '0000-00-00 00:00:00'),
	(57, 'Heliconia', 2, '0000-00-00 00:00:00', '0000-00-00 00:00:00'),
	(58, 'Hispania', 2, '0000-00-00 00:00:00', '0000-00-00 00:00:00'),
	(59, 'Itagüí', 2, '0000-00-00 00:00:00', '0000-00-00 00:00:00'),
	(60, 'Ituango', 2, '0000-00-00 00:00:00', '0000-00-00 00:00:00'),
	(61, 'Jardín', 2, '0000-00-00 00:00:00', '0000-00-00 00:00:00'),
	(62, 'Jericó', 2, '0000-00-00 00:00:00', '0000-00-00 00:00:00'),
	(63, 'La Ceja', 2, '0000-00-00 00:00:00', '0000-00-00 00:00:00'),
	(64, 'La Estrella', 2, '0000-00-00 00:00:00', '0000-00-00 00:00:00'),
	(65, 'La Pintada', 2, '0000-00-00 00:00:00', '0000-00-00 00:00:00'),
	(66, 'La Unión', 2, '0000-00-00 00:00:00', '0000-00-00 00:00:00'),
	(67, 'Liborina', 2, '0000-00-00 00:00:00', '0000-00-00 00:00:00'),
	(68, 'Maceo', 2, '0000-00-00 00:00:00', '0000-00-00 00:00:00'),
	(69, 'Marinilla', 2, '0000-00-00 00:00:00', '0000-00-00 00:00:00'),
	(70, 'Medellín', 2, '0000-00-00 00:00:00', '0000-00-00 00:00:00'),
	(71, 'Montebello', 2, '0000-00-00 00:00:00', '0000-00-00 00:00:00'),
	(72, 'Murindó', 2, '0000-00-00 00:00:00', '0000-00-00 00:00:00'),
	(73, 'Mutatá', 2, '0000-00-00 00:00:00', '0000-00-00 00:00:00'),
	(74, 'Nariño', 2, '0000-00-00 00:00:00', '0000-00-00 00:00:00'),
	(75, 'Nechí', 2, '0000-00-00 00:00:00', '0000-00-00 00:00:00'),
	(76, 'Necoclí', 2, '0000-00-00 00:00:00', '0000-00-00 00:00:00'),
	(77, 'Olaya', 2, '0000-00-00 00:00:00', '0000-00-00 00:00:00'),
	(78, 'Peque', 2, '0000-00-00 00:00:00', '0000-00-00 00:00:00'),
	(79, 'Peñol', 2, '0000-00-00 00:00:00', '0000-00-00 00:00:00'),
	(80, 'Pueblorrico', 2, '0000-00-00 00:00:00', '0000-00-00 00:00:00'),
	(81, 'Puerto Berrío', 2, '0000-00-00 00:00:00', '0000-00-00 00:00:00'),
	(82, 'Puerto Nare', 2, '0000-00-00 00:00:00', '0000-00-00 00:00:00'),
	(83, 'Puerto Triunfo', 2, '0000-00-00 00:00:00', '0000-00-00 00:00:00'),
	(84, 'Remedios', 2, '0000-00-00 00:00:00', '0000-00-00 00:00:00'),
	(85, 'Retiro', 2, '0000-00-00 00:00:00', '0000-00-00 00:00:00'),
	(86, 'Ríonegro', 2, '0000-00-00 00:00:00', '0000-00-00 00:00:00'),
	(87, 'Sabanalarga', 2, '0000-00-00 00:00:00', '0000-00-00 00:00:00'),
	(88, 'Sabaneta', 2, '0000-00-00 00:00:00', '0000-00-00 00:00:00'),
	(89, 'Salgar', 2, '0000-00-00 00:00:00', '0000-00-00 00:00:00'),
	(90, 'San Andrés de Cuerquía', 2, '0000-00-00 00:00:00', '0000-00-00 00:00:00'),
	(91, 'San Carlos', 2, '0000-00-00 00:00:00', '0000-00-00 00:00:00'),
	(92, 'San Francisco', 2, '0000-00-00 00:00:00', '0000-00-00 00:00:00'),
	(93, 'San Jerónimo', 2, '0000-00-00 00:00:00', '0000-00-00 00:00:00'),
	(94, 'San José de Montaña', 2, '0000-00-00 00:00:00', '0000-00-00 00:00:00'),
	(95, 'San Juan de Urabá', 2, '0000-00-00 00:00:00', '0000-00-00 00:00:00'),
	(96, 'San Luís', 2, '0000-00-00 00:00:00', '0000-00-00 00:00:00'),
	(97, 'San Pedro', 2, '0000-00-00 00:00:00', '0000-00-00 00:00:00'),
	(98, 'San Pedro de Urabá', 2, '0000-00-00 00:00:00', '0000-00-00 00:00:00'),
	(99, 'San Rafael', 2, '0000-00-00 00:00:00', '0000-00-00 00:00:00'),
	(100, 'San Roque', 2, '0000-00-00 00:00:00', '0000-00-00 00:00:00'),
	(101, 'San Vicente', 2, '0000-00-00 00:00:00', '0000-00-00 00:00:00'),
	(102, 'Santa Bárbara', 2, '0000-00-00 00:00:00', '0000-00-00 00:00:00'),
	(103, 'Santa Fé de Antioquia', 2, '0000-00-00 00:00:00', '0000-00-00 00:00:00'),
	(104, 'Santa Rosa de Osos', 2, '0000-00-00 00:00:00', '0000-00-00 00:00:00'),
	(105, 'Santo Domingo', 2, '0000-00-00 00:00:00', '0000-00-00 00:00:00'),
	(106, 'Santuario', 2, '0000-00-00 00:00:00', '0000-00-00 00:00:00'),
	(107, 'Segovia', 2, '0000-00-00 00:00:00', '0000-00-00 00:00:00'),
	(108, 'Sonsón', 2, '0000-00-00 00:00:00', '0000-00-00 00:00:00'),
	(109, 'Sopetrán', 2, '0000-00-00 00:00:00', '0000-00-00 00:00:00'),
	(110, 'Tarazá', 2, '0000-00-00 00:00:00', '0000-00-00 00:00:00'),
	(111, 'Tarso', 2, '0000-00-00 00:00:00', '0000-00-00 00:00:00'),
	(112, 'Titiribí', 2, '0000-00-00 00:00:00', '0000-00-00 00:00:00'),
	(113, 'Toledo', 2, '0000-00-00 00:00:00', '0000-00-00 00:00:00'),
	(114, 'Turbo', 2, '0000-00-00 00:00:00', '0000-00-00 00:00:00'),
	(115, 'Támesis', 2, '0000-00-00 00:00:00', '0000-00-00 00:00:00'),
	(116, 'Uramita', 2, '0000-00-00 00:00:00', '0000-00-00 00:00:00'),
	(117, 'Urrao', 2, '0000-00-00 00:00:00', '0000-00-00 00:00:00'),
	(118, 'Valdivia', 2, '0000-00-00 00:00:00', '0000-00-00 00:00:00'),
	(119, 'Valparaiso', 2, '0000-00-00 00:00:00', '0000-00-00 00:00:00'),
	(120, 'Vegachí', 2, '0000-00-00 00:00:00', '0000-00-00 00:00:00'),
	(121, 'Venecia', 2, '0000-00-00 00:00:00', '0000-00-00 00:00:00'),
	(122, 'Vigía del Fuerte', 2, '0000-00-00 00:00:00', '0000-00-00 00:00:00'),
	(123, 'Yalí', 2, '0000-00-00 00:00:00', '0000-00-00 00:00:00'),
	(124, 'Yarumal', 2, '0000-00-00 00:00:00', '0000-00-00 00:00:00'),
	(125, 'Yolombó', 2, '0000-00-00 00:00:00', '0000-00-00 00:00:00'),
	(126, 'Yondó (Casabe)', 2, '0000-00-00 00:00:00', '0000-00-00 00:00:00'),
	(127, 'Zaragoza', 2, '0000-00-00 00:00:00', '0000-00-00 00:00:00'),
	(128, 'Arauca', 3, '0000-00-00 00:00:00', '0000-00-00 00:00:00'),
	(129, 'Arauquita', 3, '0000-00-00 00:00:00', '0000-00-00 00:00:00'),
	(130, 'Cravo Norte', 3, '0000-00-00 00:00:00', '0000-00-00 00:00:00'),
	(131, 'Fortúl', 3, '0000-00-00 00:00:00', '0000-00-00 00:00:00'),
	(132, 'Puerto Rondón', 3, '0000-00-00 00:00:00', '0000-00-00 00:00:00'),
	(133, 'Saravena', 3, '0000-00-00 00:00:00', '0000-00-00 00:00:00'),
	(134, 'Tame', 3, '0000-00-00 00:00:00', '0000-00-00 00:00:00'),
	(135, 'Baranoa', 4, '0000-00-00 00:00:00', '0000-00-00 00:00:00'),
	(136, 'Barranquilla', 4, '0000-00-00 00:00:00', '0000-00-00 00:00:00'),
	(137, 'Campo de la Cruz', 4, '0000-00-00 00:00:00', '0000-00-00 00:00:00'),
	(138, 'Candelaria', 4, '0000-00-00 00:00:00', '0000-00-00 00:00:00'),
	(139, 'Galapa', 4, '0000-00-00 00:00:00', '0000-00-00 00:00:00'),
	(140, 'Juan de Acosta', 4, '0000-00-00 00:00:00', '0000-00-00 00:00:00'),
	(141, 'Luruaco', 4, '0000-00-00 00:00:00', '0000-00-00 00:00:00'),
	(142, 'Malambo', 4, '0000-00-00 00:00:00', '0000-00-00 00:00:00'),
	(143, 'Manatí', 4, '0000-00-00 00:00:00', '0000-00-00 00:00:00'),
	(144, 'Palmar de Varela', 4, '0000-00-00 00:00:00', '0000-00-00 00:00:00'),
	(145, 'Piojo', 4, '0000-00-00 00:00:00', '0000-00-00 00:00:00'),
	(146, 'Polonuevo', 4, '0000-00-00 00:00:00', '0000-00-00 00:00:00'),
	(147, 'Ponedera', 4, '0000-00-00 00:00:00', '0000-00-00 00:00:00'),
	(148, 'Puerto Colombia', 4, '0000-00-00 00:00:00', '0000-00-00 00:00:00'),
	(149, 'Repelón', 4, '0000-00-00 00:00:00', '0000-00-00 00:00:00'),
	(150, 'Sabanagrande', 4, '0000-00-00 00:00:00', '0000-00-00 00:00:00'),
	(151, 'Sabanalarga', 4, '0000-00-00 00:00:00', '0000-00-00 00:00:00'),
	(152, 'Santa Lucía', 4, '0000-00-00 00:00:00', '0000-00-00 00:00:00'),
	(153, 'Santo Tomás', 4, '0000-00-00 00:00:00', '0000-00-00 00:00:00'),
	(154, 'Soledad', 4, '0000-00-00 00:00:00', '0000-00-00 00:00:00'),
	(155, 'Suan', 4, '0000-00-00 00:00:00', '0000-00-00 00:00:00'),
	(156, 'Tubará', 4, '0000-00-00 00:00:00', '0000-00-00 00:00:00'),
	(157, 'Usiacuri', 4, '0000-00-00 00:00:00', '0000-00-00 00:00:00'),
	(158, 'Achí', 5, '0000-00-00 00:00:00', '0000-00-00 00:00:00'),
	(159, 'Altos del Rosario', 5, '0000-00-00 00:00:00', '0000-00-00 00:00:00'),
	(160, 'Arenal', 5, '0000-00-00 00:00:00', '0000-00-00 00:00:00'),
	(161, 'Arjona', 5, '0000-00-00 00:00:00', '0000-00-00 00:00:00'),
	(162, 'Arroyohondo', 5, '0000-00-00 00:00:00', '0000-00-00 00:00:00'),
	(163, 'Barranco de Loba', 5, '0000-00-00 00:00:00', '0000-00-00 00:00:00'),
	(164, 'Calamar', 5, '0000-00-00 00:00:00', '0000-00-00 00:00:00'),
	(165, 'Cantagallo', 5, '0000-00-00 00:00:00', '0000-00-00 00:00:00'),
	(166, 'Cartagena', 5, '0000-00-00 00:00:00', '0000-00-00 00:00:00'),
	(167, 'Cicuco', 5, '0000-00-00 00:00:00', '0000-00-00 00:00:00'),
	(168, 'Clemencia', 5, '0000-00-00 00:00:00', '0000-00-00 00:00:00'),
	(169, 'Córdoba', 5, '0000-00-00 00:00:00', '0000-00-00 00:00:00'),
	(170, 'El Carmen de Bolívar', 5, '0000-00-00 00:00:00', '0000-00-00 00:00:00'),
	(171, 'El Guamo', 5, '0000-00-00 00:00:00', '0000-00-00 00:00:00'),
	(172, 'El Peñon', 5, '0000-00-00 00:00:00', '0000-00-00 00:00:00'),
	(173, 'Hatillo de Loba', 5, '0000-00-00 00:00:00', '0000-00-00 00:00:00'),
	(174, 'Magangué', 5, '0000-00-00 00:00:00', '0000-00-00 00:00:00'),
	(175, 'Mahates', 5, '0000-00-00 00:00:00', '0000-00-00 00:00:00'),
	(176, 'Margarita', 5, '0000-00-00 00:00:00', '0000-00-00 00:00:00'),
	(177, 'María la Baja', 5, '0000-00-00 00:00:00', '0000-00-00 00:00:00'),
	(178, 'Mompós', 5, '0000-00-00 00:00:00', '0000-00-00 00:00:00'),
	(179, 'Montecristo', 5, '0000-00-00 00:00:00', '0000-00-00 00:00:00'),
	(180, 'Morales', 5, '0000-00-00 00:00:00', '0000-00-00 00:00:00'),
	(181, 'Norosí', 5, '0000-00-00 00:00:00', '0000-00-00 00:00:00'),
	(182, 'Pinillos', 5, '0000-00-00 00:00:00', '0000-00-00 00:00:00'),
	(183, 'Regidor', 5, '0000-00-00 00:00:00', '0000-00-00 00:00:00'),
	(184, 'Río Viejo', 5, '0000-00-00 00:00:00', '0000-00-00 00:00:00'),
	(185, 'San Cristobal', 5, '0000-00-00 00:00:00', '0000-00-00 00:00:00'),
	(186, 'San Estanislao', 5, '0000-00-00 00:00:00', '0000-00-00 00:00:00'),
	(187, 'San Fernando', 5, '0000-00-00 00:00:00', '0000-00-00 00:00:00'),
	(188, 'San Jacinto', 5, '0000-00-00 00:00:00', '0000-00-00 00:00:00'),
	(189, 'San Jacinto del Cauca', 5, '0000-00-00 00:00:00', '0000-00-00 00:00:00'),
	(190, 'San Juan de Nepomuceno', 5, '0000-00-00 00:00:00', '0000-00-00 00:00:00'),
	(191, 'San Martín de Loba', 5, '0000-00-00 00:00:00', '0000-00-00 00:00:00'),
	(192, 'San Pablo', 5, '0000-00-00 00:00:00', '0000-00-00 00:00:00'),
	(193, 'Santa Catalina', 5, '0000-00-00 00:00:00', '0000-00-00 00:00:00'),
	(194, 'Santa Rosa ', 5, '0000-00-00 00:00:00', '0000-00-00 00:00:00'),
	(195, 'Santa Rosa del Sur', 5, '0000-00-00 00:00:00', '0000-00-00 00:00:00'),
	(196, 'Simití', 5, '0000-00-00 00:00:00', '0000-00-00 00:00:00'),
	(197, 'Soplaviento', 5, '0000-00-00 00:00:00', '0000-00-00 00:00:00'),
	(198, 'Talaigua Nuevo', 5, '0000-00-00 00:00:00', '0000-00-00 00:00:00'),
	(199, 'Tiquisio (Puerto Rico)', 5, '0000-00-00 00:00:00', '0000-00-00 00:00:00'),
	(200, 'Turbaco', 5, '0000-00-00 00:00:00', '0000-00-00 00:00:00'),
	(201, 'Turbaná', 5, '0000-00-00 00:00:00', '0000-00-00 00:00:00'),
	(202, 'Villanueva', 5, '0000-00-00 00:00:00', '0000-00-00 00:00:00'),
	(203, 'Zambrano', 5, '0000-00-00 00:00:00', '0000-00-00 00:00:00'),
	(204, 'Almeida', 6, '0000-00-00 00:00:00', '0000-00-00 00:00:00'),
	(205, 'Aquitania', 6, '0000-00-00 00:00:00', '0000-00-00 00:00:00'),
	(206, 'Arcabuco', 6, '0000-00-00 00:00:00', '0000-00-00 00:00:00'),
	(207, 'Belén', 6, '0000-00-00 00:00:00', '0000-00-00 00:00:00'),
	(208, 'Berbeo', 6, '0000-00-00 00:00:00', '0000-00-00 00:00:00'),
	(209, 'Beteitiva', 6, '0000-00-00 00:00:00', '0000-00-00 00:00:00'),
	(210, 'Boavita', 6, '0000-00-00 00:00:00', '0000-00-00 00:00:00'),
	(211, 'Boyacá', 6, '0000-00-00 00:00:00', '0000-00-00 00:00:00'),
	(212, 'Briceño', 6, '0000-00-00 00:00:00', '0000-00-00 00:00:00'),
	(213, 'Buenavista', 6, '0000-00-00 00:00:00', '0000-00-00 00:00:00'),
	(214, 'Busbanza', 6, '0000-00-00 00:00:00', '0000-00-00 00:00:00'),
	(215, 'Caldas', 6, '0000-00-00 00:00:00', '0000-00-00 00:00:00'),
	(216, 'Campohermoso', 6, '0000-00-00 00:00:00', '0000-00-00 00:00:00'),
	(217, 'Cerinza', 6, '0000-00-00 00:00:00', '0000-00-00 00:00:00'),
	(218, 'Chinavita', 6, '0000-00-00 00:00:00', '0000-00-00 00:00:00'),
	(219, 'Chiquinquirá', 6, '0000-00-00 00:00:00', '0000-00-00 00:00:00'),
	(220, 'Chiscas', 6, '0000-00-00 00:00:00', '0000-00-00 00:00:00'),
	(221, 'Chita', 6, '0000-00-00 00:00:00', '0000-00-00 00:00:00'),
	(222, 'Chitaraque', 6, '0000-00-00 00:00:00', '0000-00-00 00:00:00'),
	(223, 'Chivatá', 6, '0000-00-00 00:00:00', '0000-00-00 00:00:00'),
	(224, 'Chíquiza', 6, '0000-00-00 00:00:00', '0000-00-00 00:00:00'),
	(225, 'Chívor', 6, '0000-00-00 00:00:00', '0000-00-00 00:00:00'),
	(226, 'Ciénaga', 6, '0000-00-00 00:00:00', '0000-00-00 00:00:00'),
	(227, 'Coper', 6, '0000-00-00 00:00:00', '0000-00-00 00:00:00'),
	(228, 'Corrales', 6, '0000-00-00 00:00:00', '0000-00-00 00:00:00'),
	(229, 'Covarachía', 6, '0000-00-00 00:00:00', '0000-00-00 00:00:00'),
	(230, 'Cubará', 6, '0000-00-00 00:00:00', '0000-00-00 00:00:00'),
	(231, 'Cucaita', 6, '0000-00-00 00:00:00', '0000-00-00 00:00:00'),
	(232, 'Cuitiva', 6, '0000-00-00 00:00:00', '0000-00-00 00:00:00'),
	(233, 'Cómbita', 6, '0000-00-00 00:00:00', '0000-00-00 00:00:00'),
	(234, 'Duitama', 6, '0000-00-00 00:00:00', '0000-00-00 00:00:00'),
	(235, 'El Cocuy', 6, '0000-00-00 00:00:00', '0000-00-00 00:00:00'),
	(236, 'El Espino', 6, '0000-00-00 00:00:00', '0000-00-00 00:00:00'),
	(237, 'Firavitoba', 6, '0000-00-00 00:00:00', '0000-00-00 00:00:00'),
	(238, 'Floresta', 6, '0000-00-00 00:00:00', '0000-00-00 00:00:00'),
	(239, 'Gachantivá', 6, '0000-00-00 00:00:00', '0000-00-00 00:00:00'),
	(240, 'Garagoa', 6, '0000-00-00 00:00:00', '0000-00-00 00:00:00'),
	(241, 'Guacamayas', 6, '0000-00-00 00:00:00', '0000-00-00 00:00:00'),
	(242, 'Guateque', 6, '0000-00-00 00:00:00', '0000-00-00 00:00:00'),
	(243, 'Guayatá', 6, '0000-00-00 00:00:00', '0000-00-00 00:00:00'),
	(244, 'Guicán', 6, '0000-00-00 00:00:00', '0000-00-00 00:00:00'),
	(245, 'Gámeza', 6, '0000-00-00 00:00:00', '0000-00-00 00:00:00'),
	(246, 'Izá', 6, '0000-00-00 00:00:00', '0000-00-00 00:00:00'),
	(247, 'Jenesano', 6, '0000-00-00 00:00:00', '0000-00-00 00:00:00'),
	(248, 'Jericó', 6, '0000-00-00 00:00:00', '0000-00-00 00:00:00'),
	(249, 'La Capilla', 6, '0000-00-00 00:00:00', '0000-00-00 00:00:00'),
	(250, 'La Uvita', 6, '0000-00-00 00:00:00', '0000-00-00 00:00:00'),
	(251, 'La Victoria', 6, '0000-00-00 00:00:00', '0000-00-00 00:00:00'),
	(252, 'Labranzagrande', 6, '0000-00-00 00:00:00', '0000-00-00 00:00:00'),
	(253, 'Macanal', 6, '0000-00-00 00:00:00', '0000-00-00 00:00:00'),
	(254, 'Maripí', 6, '0000-00-00 00:00:00', '0000-00-00 00:00:00'),
	(255, 'Miraflores', 6, '0000-00-00 00:00:00', '0000-00-00 00:00:00'),
	(256, 'Mongua', 6, '0000-00-00 00:00:00', '0000-00-00 00:00:00'),
	(257, 'Monguí', 6, '0000-00-00 00:00:00', '0000-00-00 00:00:00'),
	(258, 'Moniquirá', 6, '0000-00-00 00:00:00', '0000-00-00 00:00:00'),
	(259, 'Motavita', 6, '0000-00-00 00:00:00', '0000-00-00 00:00:00'),
	(260, 'Muzo', 6, '0000-00-00 00:00:00', '0000-00-00 00:00:00'),
	(261, 'Nobsa', 6, '0000-00-00 00:00:00', '0000-00-00 00:00:00'),
	(262, 'Nuevo Colón', 6, '0000-00-00 00:00:00', '0000-00-00 00:00:00'),
	(263, 'Oicatá', 6, '0000-00-00 00:00:00', '0000-00-00 00:00:00'),
	(264, 'Otanche', 6, '0000-00-00 00:00:00', '0000-00-00 00:00:00'),
	(265, 'Pachavita', 6, '0000-00-00 00:00:00', '0000-00-00 00:00:00'),
	(266, 'Paipa', 6, '0000-00-00 00:00:00', '0000-00-00 00:00:00'),
	(267, 'Pajarito', 6, '0000-00-00 00:00:00', '0000-00-00 00:00:00'),
	(268, 'Panqueba', 6, '0000-00-00 00:00:00', '0000-00-00 00:00:00'),
	(269, 'Pauna', 6, '0000-00-00 00:00:00', '0000-00-00 00:00:00'),
	(270, 'Paya', 6, '0000-00-00 00:00:00', '0000-00-00 00:00:00'),
	(271, 'Paz de Río', 6, '0000-00-00 00:00:00', '0000-00-00 00:00:00'),
	(272, 'Pesca', 6, '0000-00-00 00:00:00', '0000-00-00 00:00:00'),
	(273, 'Pisva', 6, '0000-00-00 00:00:00', '0000-00-00 00:00:00'),
	(274, 'Puerto Boyacá', 6, '0000-00-00 00:00:00', '0000-00-00 00:00:00'),
	(275, 'Páez', 6, '0000-00-00 00:00:00', '0000-00-00 00:00:00'),
	(276, 'Quipama', 6, '0000-00-00 00:00:00', '0000-00-00 00:00:00'),
	(277, 'Ramiriquí', 6, '0000-00-00 00:00:00', '0000-00-00 00:00:00'),
	(278, 'Rondón', 6, '0000-00-00 00:00:00', '0000-00-00 00:00:00'),
	(279, 'Ráquira', 6, '0000-00-00 00:00:00', '0000-00-00 00:00:00'),
	(280, 'Saboyá', 6, '0000-00-00 00:00:00', '0000-00-00 00:00:00'),
	(281, 'Samacá', 6, '0000-00-00 00:00:00', '0000-00-00 00:00:00'),
	(282, 'San Eduardo', 6, '0000-00-00 00:00:00', '0000-00-00 00:00:00'),
	(283, 'San José de Pare', 6, '0000-00-00 00:00:00', '0000-00-00 00:00:00'),
	(284, 'San Luís de Gaceno', 6, '0000-00-00 00:00:00', '0000-00-00 00:00:00'),
	(285, 'San Mateo', 6, '0000-00-00 00:00:00', '0000-00-00 00:00:00'),
	(286, 'San Miguel de Sema', 6, '0000-00-00 00:00:00', '0000-00-00 00:00:00'),
	(287, 'San Pablo de Borbur', 6, '0000-00-00 00:00:00', '0000-00-00 00:00:00'),
	(288, 'Santa María', 6, '0000-00-00 00:00:00', '0000-00-00 00:00:00'),
	(289, 'Santa Rosa de Viterbo', 6, '0000-00-00 00:00:00', '0000-00-00 00:00:00'),
	(290, 'Santa Sofía', 6, '0000-00-00 00:00:00', '0000-00-00 00:00:00'),
	(291, 'Santana', 6, '0000-00-00 00:00:00', '0000-00-00 00:00:00'),
	(292, 'Sativanorte', 6, '0000-00-00 00:00:00', '0000-00-00 00:00:00'),
	(293, 'Sativasur', 6, '0000-00-00 00:00:00', '0000-00-00 00:00:00'),
	(294, 'Siachoque', 6, '0000-00-00 00:00:00', '0000-00-00 00:00:00'),
	(295, 'Soatá', 6, '0000-00-00 00:00:00', '0000-00-00 00:00:00'),
	(296, 'Socha', 6, '0000-00-00 00:00:00', '0000-00-00 00:00:00'),
	(297, 'Socotá', 6, '0000-00-00 00:00:00', '0000-00-00 00:00:00'),
	(298, 'Sogamoso', 6, '0000-00-00 00:00:00', '0000-00-00 00:00:00'),
	(299, 'Somondoco', 6, '0000-00-00 00:00:00', '0000-00-00 00:00:00'),
	(300, 'Sora', 6, '0000-00-00 00:00:00', '0000-00-00 00:00:00'),
	(301, 'Soracá', 6, '0000-00-00 00:00:00', '0000-00-00 00:00:00'),
	(302, 'Sotaquirá', 6, '0000-00-00 00:00:00', '0000-00-00 00:00:00'),
	(303, 'Susacón', 6, '0000-00-00 00:00:00', '0000-00-00 00:00:00'),
	(304, 'Sutamarchán', 6, '0000-00-00 00:00:00', '0000-00-00 00:00:00'),
	(305, 'Sutatenza', 6, '0000-00-00 00:00:00', '0000-00-00 00:00:00'),
	(306, 'Sáchica', 6, '0000-00-00 00:00:00', '0000-00-00 00:00:00'),
	(307, 'Tasco', 6, '0000-00-00 00:00:00', '0000-00-00 00:00:00'),
	(308, 'Tenza', 6, '0000-00-00 00:00:00', '0000-00-00 00:00:00'),
	(309, 'Tibaná', 6, '0000-00-00 00:00:00', '0000-00-00 00:00:00'),
	(310, 'Tibasosa', 6, '0000-00-00 00:00:00', '0000-00-00 00:00:00'),
	(311, 'Tinjacá', 6, '0000-00-00 00:00:00', '0000-00-00 00:00:00'),
	(312, 'Tipacoque', 6, '0000-00-00 00:00:00', '0000-00-00 00:00:00'),
	(313, 'Toca', 6, '0000-00-00 00:00:00', '0000-00-00 00:00:00'),
	(314, 'Toguí', 6, '0000-00-00 00:00:00', '0000-00-00 00:00:00'),
	(315, 'Topagá', 6, '0000-00-00 00:00:00', '0000-00-00 00:00:00'),
	(316, 'Tota', 6, '0000-00-00 00:00:00', '0000-00-00 00:00:00'),
	(317, 'Tunja', 6, '0000-00-00 00:00:00', '0000-00-00 00:00:00'),
	(318, 'Tunungua', 6, '0000-00-00 00:00:00', '0000-00-00 00:00:00'),
	(319, 'Turmequé', 6, '0000-00-00 00:00:00', '0000-00-00 00:00:00'),
	(320, 'Tuta', 6, '0000-00-00 00:00:00', '0000-00-00 00:00:00'),
	(321, 'Tutasá', 6, '0000-00-00 00:00:00', '0000-00-00 00:00:00'),
	(322, 'Ventaquemada', 6, '0000-00-00 00:00:00', '0000-00-00 00:00:00'),
	(323, 'Villa de Leiva', 6, '0000-00-00 00:00:00', '0000-00-00 00:00:00'),
	(324, 'Viracachá', 6, '0000-00-00 00:00:00', '0000-00-00 00:00:00'),
	(325, 'Zetaquirá', 6, '0000-00-00 00:00:00', '0000-00-00 00:00:00'),
	(326, 'Úmbita', 6, '0000-00-00 00:00:00', '0000-00-00 00:00:00'),
	(327, 'Aguadas', 7, '0000-00-00 00:00:00', '0000-00-00 00:00:00'),
	(328, 'Anserma', 7, '0000-00-00 00:00:00', '0000-00-00 00:00:00'),
	(329, 'Aranzazu', 7, '0000-00-00 00:00:00', '0000-00-00 00:00:00'),
	(330, 'Belalcázar', 7, '0000-00-00 00:00:00', '0000-00-00 00:00:00'),
	(331, 'Chinchiná', 7, '0000-00-00 00:00:00', '0000-00-00 00:00:00'),
	(332, 'Filadelfia', 7, '0000-00-00 00:00:00', '0000-00-00 00:00:00'),
	(333, 'La Dorada', 7, '0000-00-00 00:00:00', '0000-00-00 00:00:00'),
	(334, 'La Merced', 7, '0000-00-00 00:00:00', '0000-00-00 00:00:00'),
	(335, 'La Victoria', 7, '0000-00-00 00:00:00', '0000-00-00 00:00:00'),
	(336, 'Manizales', 7, '0000-00-00 00:00:00', '0000-00-00 00:00:00'),
	(337, 'Manzanares', 7, '0000-00-00 00:00:00', '0000-00-00 00:00:00'),
	(338, 'Marmato', 7, '0000-00-00 00:00:00', '0000-00-00 00:00:00'),
	(339, 'Marquetalia', 7, '0000-00-00 00:00:00', '0000-00-00 00:00:00'),
	(340, 'Marulanda', 7, '0000-00-00 00:00:00', '0000-00-00 00:00:00'),
	(341, 'Neira', 7, '0000-00-00 00:00:00', '0000-00-00 00:00:00'),
	(342, 'Norcasia', 7, '0000-00-00 00:00:00', '0000-00-00 00:00:00'),
	(343, 'Palestina', 7, '0000-00-00 00:00:00', '0000-00-00 00:00:00'),
	(344, 'Pensilvania', 7, '0000-00-00 00:00:00', '0000-00-00 00:00:00'),
	(345, 'Pácora', 7, '0000-00-00 00:00:00', '0000-00-00 00:00:00'),
	(346, 'Risaralda', 7, '0000-00-00 00:00:00', '0000-00-00 00:00:00'),
	(347, 'Río Sucio', 7, '0000-00-00 00:00:00', '0000-00-00 00:00:00'),
	(348, 'Salamina', 7, '0000-00-00 00:00:00', '0000-00-00 00:00:00'),
	(349, 'Samaná', 7, '0000-00-00 00:00:00', '0000-00-00 00:00:00'),
	(350, 'San José', 7, '0000-00-00 00:00:00', '0000-00-00 00:00:00'),
	(351, 'Supía', 7, '0000-00-00 00:00:00', '0000-00-00 00:00:00'),
	(352, 'Villamaría', 7, '0000-00-00 00:00:00', '0000-00-00 00:00:00'),
	(353, 'Viterbo', 7, '0000-00-00 00:00:00', '0000-00-00 00:00:00'),
	(354, 'Albania', 8, '0000-00-00 00:00:00', '0000-00-00 00:00:00'),
	(355, 'Belén de los Andaquíes', 8, '0000-00-00 00:00:00', '0000-00-00 00:00:00'),
	(356, 'Cartagena del Chairá', 8, '0000-00-00 00:00:00', '0000-00-00 00:00:00'),
	(357, 'Curillo', 8, '0000-00-00 00:00:00', '0000-00-00 00:00:00'),
	(358, 'El Doncello', 8, '0000-00-00 00:00:00', '0000-00-00 00:00:00'),
	(359, 'El Paujil', 8, '0000-00-00 00:00:00', '0000-00-00 00:00:00'),
	(360, 'Florencia', 8, '0000-00-00 00:00:00', '0000-00-00 00:00:00'),
	(361, 'La Montañita', 8, '0000-00-00 00:00:00', '0000-00-00 00:00:00'),
	(362, 'Milán', 8, '0000-00-00 00:00:00', '0000-00-00 00:00:00'),
	(363, 'Morelia', 8, '0000-00-00 00:00:00', '0000-00-00 00:00:00'),
	(364, 'Puerto Rico', 8, '0000-00-00 00:00:00', '0000-00-00 00:00:00'),
	(365, 'San José del Fragua', 8, '0000-00-00 00:00:00', '0000-00-00 00:00:00'),
	(366, 'San Vicente del Caguán', 8, '0000-00-00 00:00:00', '0000-00-00 00:00:00'),
	(367, 'Solano', 8, '0000-00-00 00:00:00', '0000-00-00 00:00:00'),
	(368, 'Solita', 8, '0000-00-00 00:00:00', '0000-00-00 00:00:00'),
	(369, 'Valparaiso', 8, '0000-00-00 00:00:00', '0000-00-00 00:00:00'),
	(370, 'Aguazul', 9, '0000-00-00 00:00:00', '0000-00-00 00:00:00'),
	(371, 'Chámeza', 9, '0000-00-00 00:00:00', '0000-00-00 00:00:00'),
	(372, 'Hato Corozal', 9, '0000-00-00 00:00:00', '0000-00-00 00:00:00'),
	(373, 'La Salina', 9, '0000-00-00 00:00:00', '0000-00-00 00:00:00'),
	(374, 'Maní', 9, '0000-00-00 00:00:00', '0000-00-00 00:00:00'),
	(375, 'Monterrey', 9, '0000-00-00 00:00:00', '0000-00-00 00:00:00'),
	(376, 'Nunchía', 9, '0000-00-00 00:00:00', '0000-00-00 00:00:00'),
	(377, 'Orocué', 9, '0000-00-00 00:00:00', '0000-00-00 00:00:00'),
	(378, 'Paz de Ariporo', 9, '0000-00-00 00:00:00', '0000-00-00 00:00:00'),
	(379, 'Pore', 9, '0000-00-00 00:00:00', '0000-00-00 00:00:00'),
	(380, 'Recetor', 9, '0000-00-00 00:00:00', '0000-00-00 00:00:00'),
	(381, 'Sabanalarga', 9, '0000-00-00 00:00:00', '0000-00-00 00:00:00'),
	(382, 'San Luís de Palenque', 9, '0000-00-00 00:00:00', '0000-00-00 00:00:00'),
	(383, 'Sácama', 9, '0000-00-00 00:00:00', '0000-00-00 00:00:00'),
	(384, 'Tauramena', 9, '0000-00-00 00:00:00', '0000-00-00 00:00:00'),
	(385, 'Trinidad', 9, '0000-00-00 00:00:00', '0000-00-00 00:00:00'),
	(386, 'Támara', 9, '0000-00-00 00:00:00', '0000-00-00 00:00:00'),
	(387, 'Villanueva', 9, '0000-00-00 00:00:00', '0000-00-00 00:00:00'),
	(388, 'Yopal', 9, '0000-00-00 00:00:00', '0000-00-00 00:00:00'),
	(389, 'Almaguer', 10, '0000-00-00 00:00:00', '0000-00-00 00:00:00'),
	(390, 'Argelia', 10, '0000-00-00 00:00:00', '0000-00-00 00:00:00'),
	(391, 'Balboa', 10, '0000-00-00 00:00:00', '0000-00-00 00:00:00'),
	(392, 'Bolívar', 10, '0000-00-00 00:00:00', '0000-00-00 00:00:00'),
	(393, 'Buenos Aires', 10, '0000-00-00 00:00:00', '0000-00-00 00:00:00'),
	(394, 'Cajibío', 10, '0000-00-00 00:00:00', '0000-00-00 00:00:00'),
	(395, 'Caldono', 10, '0000-00-00 00:00:00', '0000-00-00 00:00:00'),
	(396, 'Caloto', 10, '0000-00-00 00:00:00', '0000-00-00 00:00:00'),
	(397, 'Corinto', 10, '0000-00-00 00:00:00', '0000-00-00 00:00:00'),
	(398, 'El Tambo', 10, '0000-00-00 00:00:00', '0000-00-00 00:00:00'),
	(399, 'Florencia', 10, '0000-00-00 00:00:00', '0000-00-00 00:00:00'),
	(400, 'Guachené', 10, '0000-00-00 00:00:00', '0000-00-00 00:00:00'),
	(401, 'Guapí', 10, '0000-00-00 00:00:00', '0000-00-00 00:00:00'),
	(402, 'Inzá', 10, '0000-00-00 00:00:00', '0000-00-00 00:00:00'),
	(403, 'Jambaló', 10, '0000-00-00 00:00:00', '0000-00-00 00:00:00'),
	(404, 'La Sierra', 10, '0000-00-00 00:00:00', '0000-00-00 00:00:00'),
	(405, 'La Vega', 10, '0000-00-00 00:00:00', '0000-00-00 00:00:00'),
	(406, 'López (Micay)', 10, '0000-00-00 00:00:00', '0000-00-00 00:00:00'),
	(407, 'Mercaderes', 10, '0000-00-00 00:00:00', '0000-00-00 00:00:00'),
	(408, 'Miranda', 10, '0000-00-00 00:00:00', '0000-00-00 00:00:00'),
	(409, 'Morales', 10, '0000-00-00 00:00:00', '0000-00-00 00:00:00'),
	(410, 'Padilla', 10, '0000-00-00 00:00:00', '0000-00-00 00:00:00'),
	(411, 'Patía (El Bordo)', 10, '0000-00-00 00:00:00', '0000-00-00 00:00:00'),
	(412, 'Piamonte', 10, '0000-00-00 00:00:00', '0000-00-00 00:00:00'),
	(413, 'Piendamó', 10, '0000-00-00 00:00:00', '0000-00-00 00:00:00'),
	(414, 'Popayán', 10, '0000-00-00 00:00:00', '0000-00-00 00:00:00'),
	(415, 'Puerto Tejada', 10, '0000-00-00 00:00:00', '0000-00-00 00:00:00'),
	(416, 'Puracé (Coconuco)', 10, '0000-00-00 00:00:00', '0000-00-00 00:00:00'),
	(417, 'Páez (Belalcazar)', 10, '0000-00-00 00:00:00', '0000-00-00 00:00:00'),
	(418, 'Rosas', 10, '0000-00-00 00:00:00', '0000-00-00 00:00:00'),
	(419, 'San Sebastián', 10, '0000-00-00 00:00:00', '0000-00-00 00:00:00'),
	(420, 'Santa Rosa', 10, '0000-00-00 00:00:00', '0000-00-00 00:00:00'),
	(421, 'Santander de Quilichao', 10, '0000-00-00 00:00:00', '0000-00-00 00:00:00'),
	(422, 'Silvia', 10, '0000-00-00 00:00:00', '0000-00-00 00:00:00'),
	(423, 'Sotara (Paispamba)', 10, '0000-00-00 00:00:00', '0000-00-00 00:00:00'),
	(424, 'Sucre', 10, '0000-00-00 00:00:00', '0000-00-00 00:00:00'),
	(425, 'Suárez', 10, '0000-00-00 00:00:00', '0000-00-00 00:00:00'),
	(426, 'Timbiquí', 10, '0000-00-00 00:00:00', '0000-00-00 00:00:00'),
	(427, 'Timbío', 10, '0000-00-00 00:00:00', '0000-00-00 00:00:00'),
	(428, 'Toribío', 10, '0000-00-00 00:00:00', '0000-00-00 00:00:00'),
	(429, 'Totoró', 10, '0000-00-00 00:00:00', '0000-00-00 00:00:00'),
	(430, 'Villa Rica', 10, '0000-00-00 00:00:00', '0000-00-00 00:00:00'),
	(431, 'Aguachica', 11, '0000-00-00 00:00:00', '0000-00-00 00:00:00'),
	(432, 'Agustín Codazzi', 11, '0000-00-00 00:00:00', '0000-00-00 00:00:00'),
	(433, 'Astrea', 11, '0000-00-00 00:00:00', '0000-00-00 00:00:00'),
	(434, 'Becerríl', 11, '0000-00-00 00:00:00', '0000-00-00 00:00:00'),
	(435, 'Bosconia', 11, '0000-00-00 00:00:00', '0000-00-00 00:00:00'),
	(436, 'Chimichagua', 11, '0000-00-00 00:00:00', '0000-00-00 00:00:00'),
	(437, 'Chiriguaná', 11, '0000-00-00 00:00:00', '0000-00-00 00:00:00'),
	(438, 'Curumaní', 11, '0000-00-00 00:00:00', '0000-00-00 00:00:00'),
	(439, 'El Copey', 11, '0000-00-00 00:00:00', '0000-00-00 00:00:00'),
	(440, 'El Paso', 11, '0000-00-00 00:00:00', '0000-00-00 00:00:00'),
	(441, 'Gamarra', 11, '0000-00-00 00:00:00', '0000-00-00 00:00:00'),
	(442, 'Gonzalez', 11, '0000-00-00 00:00:00', '0000-00-00 00:00:00'),
	(443, 'La Gloria', 11, '0000-00-00 00:00:00', '0000-00-00 00:00:00'),
	(444, 'La Jagua de Ibirico', 11, '0000-00-00 00:00:00', '0000-00-00 00:00:00'),
	(445, 'La Paz (Robles)', 11, '0000-00-00 00:00:00', '0000-00-00 00:00:00'),
	(446, 'Manaure Balcón del Cesar', 11, '0000-00-00 00:00:00', '0000-00-00 00:00:00'),
	(447, 'Pailitas', 11, '0000-00-00 00:00:00', '0000-00-00 00:00:00'),
	(448, 'Pelaya', 11, '0000-00-00 00:00:00', '0000-00-00 00:00:00'),
	(449, 'Pueblo Bello', 11, '0000-00-00 00:00:00', '0000-00-00 00:00:00'),
	(450, 'Río de oro', 11, '0000-00-00 00:00:00', '0000-00-00 00:00:00'),
	(451, 'San Alberto', 11, '0000-00-00 00:00:00', '0000-00-00 00:00:00'),
	(452, 'San Diego', 11, '0000-00-00 00:00:00', '0000-00-00 00:00:00'),
	(453, 'San Martín', 11, '0000-00-00 00:00:00', '0000-00-00 00:00:00'),
	(454, 'Tamalameque', 11, '0000-00-00 00:00:00', '0000-00-00 00:00:00'),
	(455, 'Valledupar', 11, '0000-00-00 00:00:00', '0000-00-00 00:00:00'),
	(456, 'Acandí', 12, '0000-00-00 00:00:00', '0000-00-00 00:00:00'),
	(457, 'Alto Baudó (Pie de Pato)', 12, '0000-00-00 00:00:00', '0000-00-00 00:00:00'),
	(458, 'Atrato (Yuto)', 12, '0000-00-00 00:00:00', '0000-00-00 00:00:00'),
	(459, 'Bagadó', 12, '0000-00-00 00:00:00', '0000-00-00 00:00:00'),
	(460, 'Bahía Solano (Mútis)', 12, '0000-00-00 00:00:00', '0000-00-00 00:00:00'),
	(461, 'Bajo Baudó (Pizarro)', 12, '0000-00-00 00:00:00', '0000-00-00 00:00:00'),
	(462, 'Belén de Bajirá', 12, '0000-00-00 00:00:00', '0000-00-00 00:00:00'),
	(463, 'Bojayá (Bellavista)', 12, '0000-00-00 00:00:00', '0000-00-00 00:00:00'),
	(464, 'Cantón de San Pablo', 12, '0000-00-00 00:00:00', '0000-00-00 00:00:00'),
	(465, 'Carmen del Darién (CURBARADÓ)', 12, '0000-00-00 00:00:00', '0000-00-00 00:00:00'),
	(466, 'Condoto', 12, '0000-00-00 00:00:00', '0000-00-00 00:00:00'),
	(467, 'Cértegui', 12, '0000-00-00 00:00:00', '0000-00-00 00:00:00'),
	(468, 'El Carmen de Atrato', 12, '0000-00-00 00:00:00', '0000-00-00 00:00:00'),
	(469, 'Istmina', 12, '0000-00-00 00:00:00', '0000-00-00 00:00:00'),
	(470, 'Juradó', 12, '0000-00-00 00:00:00', '0000-00-00 00:00:00'),
	(471, 'Lloró', 12, '0000-00-00 00:00:00', '0000-00-00 00:00:00'),
	(472, 'Medio Atrato', 12, '0000-00-00 00:00:00', '0000-00-00 00:00:00'),
	(473, 'Medio Baudó', 12, '0000-00-00 00:00:00', '0000-00-00 00:00:00'),
	(474, 'Medio San Juan (ANDAGOYA)', 12, '0000-00-00 00:00:00', '0000-00-00 00:00:00'),
	(475, 'Novita', 12, '0000-00-00 00:00:00', '0000-00-00 00:00:00'),
	(476, 'Nuquí', 12, '0000-00-00 00:00:00', '0000-00-00 00:00:00'),
	(477, 'Quibdó', 12, '0000-00-00 00:00:00', '0000-00-00 00:00:00'),
	(478, 'Río Iró', 12, '0000-00-00 00:00:00', '0000-00-00 00:00:00'),
	(479, 'Río Quito', 12, '0000-00-00 00:00:00', '0000-00-00 00:00:00'),
	(480, 'Ríosucio', 12, '0000-00-00 00:00:00', '0000-00-00 00:00:00'),
	(481, 'San José del Palmar', 12, '0000-00-00 00:00:00', '0000-00-00 00:00:00'),
	(482, 'Santa Genoveva de Docorodó', 12, '0000-00-00 00:00:00', '0000-00-00 00:00:00'),
	(483, 'Sipí', 12, '0000-00-00 00:00:00', '0000-00-00 00:00:00'),
	(484, 'Tadó', 12, '0000-00-00 00:00:00', '0000-00-00 00:00:00'),
	(485, 'Unguía', 12, '0000-00-00 00:00:00', '0000-00-00 00:00:00'),
	(486, 'Unión Panamericana (ÁNIMAS)', 12, '0000-00-00 00:00:00', '0000-00-00 00:00:00'),
	(487, 'Ayapel', 13, '0000-00-00 00:00:00', '0000-00-00 00:00:00'),
	(488, 'Buenavista', 13, '0000-00-00 00:00:00', '0000-00-00 00:00:00'),
	(489, 'Canalete', 13, '0000-00-00 00:00:00', '0000-00-00 00:00:00'),
	(490, 'Cereté', 13, '0000-00-00 00:00:00', '0000-00-00 00:00:00'),
	(491, 'Chimá', 13, '0000-00-00 00:00:00', '0000-00-00 00:00:00'),
	(492, 'Chinú', 13, '0000-00-00 00:00:00', '0000-00-00 00:00:00'),
	(493, 'Ciénaga de Oro', 13, '0000-00-00 00:00:00', '0000-00-00 00:00:00'),
	(494, 'Cotorra', 13, '0000-00-00 00:00:00', '0000-00-00 00:00:00'),
	(495, 'La Apartada y La Frontera', 13, '0000-00-00 00:00:00', '0000-00-00 00:00:00'),
	(496, 'Lorica', 13, '0000-00-00 00:00:00', '0000-00-00 00:00:00'),
	(497, 'Los Córdobas', 13, '0000-00-00 00:00:00', '0000-00-00 00:00:00'),
	(498, 'Momil', 13, '0000-00-00 00:00:00', '0000-00-00 00:00:00'),
	(499, 'Montelíbano', 13, '0000-00-00 00:00:00', '0000-00-00 00:00:00'),
	(500, 'Monteria', 13, '0000-00-00 00:00:00', '0000-00-00 00:00:00'),
	(501, 'Moñitos', 13, '0000-00-00 00:00:00', '0000-00-00 00:00:00'),
	(502, 'Planeta Rica', 13, '0000-00-00 00:00:00', '0000-00-00 00:00:00'),
	(503, 'Pueblo Nuevo', 13, '0000-00-00 00:00:00', '0000-00-00 00:00:00'),
	(504, 'Puerto Escondido', 13, '0000-00-00 00:00:00', '0000-00-00 00:00:00'),
	(505, 'Puerto Libertador', 13, '0000-00-00 00:00:00', '0000-00-00 00:00:00'),
	(506, 'Purísima', 13, '0000-00-00 00:00:00', '0000-00-00 00:00:00'),
	(507, 'Sahagún', 13, '0000-00-00 00:00:00', '0000-00-00 00:00:00'),
	(508, 'San Andrés Sotavento', 13, '0000-00-00 00:00:00', '0000-00-00 00:00:00'),
	(509, 'San Antero', 13, '0000-00-00 00:00:00', '0000-00-00 00:00:00'),
	(510, 'San Bernardo del Viento', 13, '0000-00-00 00:00:00', '0000-00-00 00:00:00'),
	(511, 'San Carlos', 13, '0000-00-00 00:00:00', '0000-00-00 00:00:00'),
	(512, 'San José de Uré', 13, '0000-00-00 00:00:00', '0000-00-00 00:00:00'),
	(513, 'San Pelayo', 13, '0000-00-00 00:00:00', '0000-00-00 00:00:00'),
	(514, 'Tierralta', 13, '0000-00-00 00:00:00', '0000-00-00 00:00:00'),
	(515, 'Tuchín', 13, '0000-00-00 00:00:00', '0000-00-00 00:00:00'),
	(516, 'Valencia', 13, '0000-00-00 00:00:00', '0000-00-00 00:00:00'),
	(517, 'Agua de Dios', 14, '0000-00-00 00:00:00', '0000-00-00 00:00:00'),
	(518, 'Albán', 14, '0000-00-00 00:00:00', '0000-00-00 00:00:00'),
	(519, 'Anapoima', 14, '0000-00-00 00:00:00', '0000-00-00 00:00:00'),
	(520, 'Anolaima', 14, '0000-00-00 00:00:00', '0000-00-00 00:00:00'),
	(521, 'Apulo', 14, '0000-00-00 00:00:00', '0000-00-00 00:00:00'),
	(522, 'Arbeláez', 14, '0000-00-00 00:00:00', '0000-00-00 00:00:00'),
	(523, 'Beltrán', 14, '0000-00-00 00:00:00', '0000-00-00 00:00:00'),
	(524, 'Bituima', 14, '0000-00-00 00:00:00', '0000-00-00 00:00:00'),
	(525, 'Bogotá D.C.', 14, '0000-00-00 00:00:00', '0000-00-00 00:00:00'),
	(526, 'Bojacá', 14, '0000-00-00 00:00:00', '0000-00-00 00:00:00'),
	(527, 'Cabrera', 14, '0000-00-00 00:00:00', '0000-00-00 00:00:00'),
	(528, 'Cachipay', 14, '0000-00-00 00:00:00', '0000-00-00 00:00:00'),
	(529, 'Cajicá', 14, '0000-00-00 00:00:00', '0000-00-00 00:00:00'),
	(530, 'Caparrapí', 14, '0000-00-00 00:00:00', '0000-00-00 00:00:00'),
	(531, 'Carmen de Carupa', 14, '0000-00-00 00:00:00', '0000-00-00 00:00:00'),
	(532, 'Chaguaní', 14, '0000-00-00 00:00:00', '0000-00-00 00:00:00'),
	(533, 'Chipaque', 14, '0000-00-00 00:00:00', '0000-00-00 00:00:00'),
	(534, 'Choachí', 14, '0000-00-00 00:00:00', '0000-00-00 00:00:00'),
	(535, 'Chocontá', 14, '0000-00-00 00:00:00', '0000-00-00 00:00:00'),
	(536, 'Chía', 14, '0000-00-00 00:00:00', '0000-00-00 00:00:00'),
	(537, 'Cogua', 14, '0000-00-00 00:00:00', '0000-00-00 00:00:00'),
	(538, 'Cota', 14, '0000-00-00 00:00:00', '0000-00-00 00:00:00'),
	(539, 'Cucunubá', 14, '0000-00-00 00:00:00', '0000-00-00 00:00:00'),
	(540, 'Cáqueza', 14, '0000-00-00 00:00:00', '0000-00-00 00:00:00'),
	(541, 'El Colegio', 14, '0000-00-00 00:00:00', '0000-00-00 00:00:00'),
	(542, 'El Peñón', 14, '0000-00-00 00:00:00', '0000-00-00 00:00:00'),
	(543, 'El Rosal', 14, '0000-00-00 00:00:00', '0000-00-00 00:00:00'),
	(544, 'Facatativá', 14, '0000-00-00 00:00:00', '0000-00-00 00:00:00'),
	(545, 'Fosca', 14, '0000-00-00 00:00:00', '0000-00-00 00:00:00'),
	(546, 'Funza', 14, '0000-00-00 00:00:00', '0000-00-00 00:00:00'),
	(547, 'Fusagasugá', 14, '0000-00-00 00:00:00', '0000-00-00 00:00:00'),
	(548, 'Fómeque', 14, '0000-00-00 00:00:00', '0000-00-00 00:00:00'),
	(549, 'Fúquene', 14, '0000-00-00 00:00:00', '0000-00-00 00:00:00'),
	(550, 'Gachalá', 14, '0000-00-00 00:00:00', '0000-00-00 00:00:00'),
	(551, 'Gachancipá', 14, '0000-00-00 00:00:00', '0000-00-00 00:00:00'),
	(552, 'Gachetá', 14, '0000-00-00 00:00:00', '0000-00-00 00:00:00'),
	(553, 'Gama', 14, '0000-00-00 00:00:00', '0000-00-00 00:00:00'),
	(554, 'Girardot', 14, '0000-00-00 00:00:00', '0000-00-00 00:00:00'),
	(555, 'Granada', 14, '0000-00-00 00:00:00', '0000-00-00 00:00:00'),
	(556, 'Guachetá', 14, '0000-00-00 00:00:00', '0000-00-00 00:00:00'),
	(557, 'Guaduas', 14, '0000-00-00 00:00:00', '0000-00-00 00:00:00'),
	(558, 'Guasca', 14, '0000-00-00 00:00:00', '0000-00-00 00:00:00'),
	(559, 'Guataquí', 14, '0000-00-00 00:00:00', '0000-00-00 00:00:00'),
	(560, 'Guatavita', 14, '0000-00-00 00:00:00', '0000-00-00 00:00:00'),
	(561, 'Guayabal de Siquima', 14, '0000-00-00 00:00:00', '0000-00-00 00:00:00'),
	(562, 'Guayabetal', 14, '0000-00-00 00:00:00', '0000-00-00 00:00:00'),
	(563, 'Gutiérrez', 14, '0000-00-00 00:00:00', '0000-00-00 00:00:00'),
	(564, 'Jerusalén', 14, '0000-00-00 00:00:00', '0000-00-00 00:00:00'),
	(565, 'Junín', 14, '0000-00-00 00:00:00', '0000-00-00 00:00:00'),
	(566, 'La Calera', 14, '0000-00-00 00:00:00', '0000-00-00 00:00:00'),
	(567, 'La Mesa', 14, '0000-00-00 00:00:00', '0000-00-00 00:00:00'),
	(568, 'La Palma', 14, '0000-00-00 00:00:00', '0000-00-00 00:00:00'),
	(569, 'La Peña', 14, '0000-00-00 00:00:00', '0000-00-00 00:00:00'),
	(570, 'La Vega', 14, '0000-00-00 00:00:00', '0000-00-00 00:00:00'),
	(571, 'Lenguazaque', 14, '0000-00-00 00:00:00', '0000-00-00 00:00:00'),
	(572, 'Machetá', 14, '0000-00-00 00:00:00', '0000-00-00 00:00:00'),
	(573, 'Madrid', 14, '0000-00-00 00:00:00', '0000-00-00 00:00:00'),
	(574, 'Manta', 14, '0000-00-00 00:00:00', '0000-00-00 00:00:00'),
	(575, 'Medina', 14, '0000-00-00 00:00:00', '0000-00-00 00:00:00'),
	(576, 'Mosquera', 14, '0000-00-00 00:00:00', '0000-00-00 00:00:00'),
	(577, 'Nariño', 14, '0000-00-00 00:00:00', '0000-00-00 00:00:00'),
	(578, 'Nemocón', 14, '0000-00-00 00:00:00', '0000-00-00 00:00:00'),
	(579, 'Nilo', 14, '0000-00-00 00:00:00', '0000-00-00 00:00:00'),
	(580, 'Nimaima', 14, '0000-00-00 00:00:00', '0000-00-00 00:00:00'),
	(581, 'Nocaima', 14, '0000-00-00 00:00:00', '0000-00-00 00:00:00'),
	(582, 'Pacho', 14, '0000-00-00 00:00:00', '0000-00-00 00:00:00'),
	(583, 'Paime', 14, '0000-00-00 00:00:00', '0000-00-00 00:00:00'),
	(584, 'Pandi', 14, '0000-00-00 00:00:00', '0000-00-00 00:00:00'),
	(585, 'Paratebueno', 14, '0000-00-00 00:00:00', '0000-00-00 00:00:00'),
	(586, 'Pasca', 14, '0000-00-00 00:00:00', '0000-00-00 00:00:00'),
	(587, 'Puerto Salgar', 14, '0000-00-00 00:00:00', '0000-00-00 00:00:00'),
	(588, 'Pulí', 14, '0000-00-00 00:00:00', '0000-00-00 00:00:00'),
	(589, 'Quebradanegra', 14, '0000-00-00 00:00:00', '0000-00-00 00:00:00'),
	(590, 'Quetame', 14, '0000-00-00 00:00:00', '0000-00-00 00:00:00'),
	(591, 'Quipile', 14, '0000-00-00 00:00:00', '0000-00-00 00:00:00'),
	(592, 'Ricaurte', 14, '0000-00-00 00:00:00', '0000-00-00 00:00:00'),
	(593, 'San Antonio de Tequendama', 14, '0000-00-00 00:00:00', '0000-00-00 00:00:00'),
	(594, 'San Bernardo', 14, '0000-00-00 00:00:00', '0000-00-00 00:00:00'),
	(595, 'San Cayetano', 14, '0000-00-00 00:00:00', '0000-00-00 00:00:00'),
	(596, 'San Francisco', 14, '0000-00-00 00:00:00', '0000-00-00 00:00:00'),
	(597, 'San Juan de Río Seco', 14, '0000-00-00 00:00:00', '0000-00-00 00:00:00'),
	(598, 'Sasaima', 14, '0000-00-00 00:00:00', '0000-00-00 00:00:00'),
	(599, 'Sesquilé', 14, '0000-00-00 00:00:00', '0000-00-00 00:00:00'),
	(600, 'Sibaté', 14, '0000-00-00 00:00:00', '0000-00-00 00:00:00'),
	(601, 'Silvania', 14, '0000-00-00 00:00:00', '0000-00-00 00:00:00'),
	(602, 'Simijaca', 14, '0000-00-00 00:00:00', '0000-00-00 00:00:00'),
	(603, 'Soacha', 14, '0000-00-00 00:00:00', '0000-00-00 00:00:00'),
	(604, 'Sopó', 14, '0000-00-00 00:00:00', '0000-00-00 00:00:00'),
	(605, 'Subachoque', 14, '0000-00-00 00:00:00', '0000-00-00 00:00:00'),
	(606, 'Suesca', 14, '0000-00-00 00:00:00', '0000-00-00 00:00:00'),
	(607, 'Supatá', 14, '0000-00-00 00:00:00', '0000-00-00 00:00:00'),
	(608, 'Susa', 14, '0000-00-00 00:00:00', '0000-00-00 00:00:00'),
	(609, 'Sutatausa', 14, '0000-00-00 00:00:00', '0000-00-00 00:00:00'),
	(610, 'Tabio', 14, '0000-00-00 00:00:00', '0000-00-00 00:00:00'),
	(611, 'Tausa', 14, '0000-00-00 00:00:00', '0000-00-00 00:00:00'),
	(612, 'Tena', 14, '0000-00-00 00:00:00', '0000-00-00 00:00:00'),
	(613, 'Tenjo', 14, '0000-00-00 00:00:00', '0000-00-00 00:00:00'),
	(614, 'Tibacuy', 14, '0000-00-00 00:00:00', '0000-00-00 00:00:00'),
	(615, 'Tibirita', 14, '0000-00-00 00:00:00', '0000-00-00 00:00:00'),
	(616, 'Tocaima', 14, '0000-00-00 00:00:00', '0000-00-00 00:00:00'),
	(617, 'Tocancipá', 14, '0000-00-00 00:00:00', '0000-00-00 00:00:00'),
	(618, 'Topaipí', 14, '0000-00-00 00:00:00', '0000-00-00 00:00:00'),
	(619, 'Ubalá', 14, '0000-00-00 00:00:00', '0000-00-00 00:00:00'),
	(620, 'Ubaque', 14, '0000-00-00 00:00:00', '0000-00-00 00:00:00'),
	(621, 'Ubaté', 14, '0000-00-00 00:00:00', '0000-00-00 00:00:00'),
	(622, 'Une', 14, '0000-00-00 00:00:00', '0000-00-00 00:00:00'),
	(623, 'Venecia (Ospina Pérez)', 14, '0000-00-00 00:00:00', '0000-00-00 00:00:00'),
	(624, 'Vergara', 14, '0000-00-00 00:00:00', '0000-00-00 00:00:00'),
	(625, 'Viani', 14, '0000-00-00 00:00:00', '0000-00-00 00:00:00'),
	(626, 'Villagómez', 14, '0000-00-00 00:00:00', '0000-00-00 00:00:00'),
	(627, 'Villapinzón', 14, '0000-00-00 00:00:00', '0000-00-00 00:00:00'),
	(628, 'Villeta', 14, '0000-00-00 00:00:00', '0000-00-00 00:00:00'),
	(629, 'Viotá', 14, '0000-00-00 00:00:00', '0000-00-00 00:00:00'),
	(630, 'Yacopí', 14, '0000-00-00 00:00:00', '0000-00-00 00:00:00'),
	(631, 'Zipacón', 14, '0000-00-00 00:00:00', '0000-00-00 00:00:00'),
	(632, 'Zipaquirá', 14, '0000-00-00 00:00:00', '0000-00-00 00:00:00'),
	(633, 'Útica', 14, '0000-00-00 00:00:00', '0000-00-00 00:00:00'),
	(634, 'Inírida', 15, '0000-00-00 00:00:00', '0000-00-00 00:00:00'),
	(635, 'Calamar', 16, '0000-00-00 00:00:00', '0000-00-00 00:00:00'),
	(636, 'El Retorno', 16, '0000-00-00 00:00:00', '0000-00-00 00:00:00'),
	(637, 'Miraflores', 16, '0000-00-00 00:00:00', '0000-00-00 00:00:00'),
	(638, 'San José del Guaviare', 16, '0000-00-00 00:00:00', '0000-00-00 00:00:00'),
	(639, 'Acevedo', 17, '0000-00-00 00:00:00', '0000-00-00 00:00:00'),
	(640, 'Agrado', 17, '0000-00-00 00:00:00', '0000-00-00 00:00:00'),
	(641, 'Aipe', 17, '0000-00-00 00:00:00', '0000-00-00 00:00:00'),
	(642, 'Algeciras', 17, '0000-00-00 00:00:00', '0000-00-00 00:00:00'),
	(643, 'Altamira', 17, '0000-00-00 00:00:00', '0000-00-00 00:00:00'),
	(644, 'Baraya', 17, '0000-00-00 00:00:00', '0000-00-00 00:00:00'),
	(645, 'Campoalegre', 17, '0000-00-00 00:00:00', '0000-00-00 00:00:00'),
	(646, 'Colombia', 17, '0000-00-00 00:00:00', '0000-00-00 00:00:00'),
	(647, 'Elías', 17, '0000-00-00 00:00:00', '0000-00-00 00:00:00'),
	(648, 'Garzón', 17, '0000-00-00 00:00:00', '0000-00-00 00:00:00'),
	(649, 'Gigante', 17, '0000-00-00 00:00:00', '0000-00-00 00:00:00'),
	(650, 'Guadalupe', 17, '0000-00-00 00:00:00', '0000-00-00 00:00:00'),
	(651, 'Hobo', 17, '0000-00-00 00:00:00', '0000-00-00 00:00:00'),
	(652, 'Isnos', 17, '0000-00-00 00:00:00', '0000-00-00 00:00:00'),
	(653, 'La Argentina', 17, '0000-00-00 00:00:00', '0000-00-00 00:00:00'),
	(654, 'La Plata', 17, '0000-00-00 00:00:00', '0000-00-00 00:00:00'),
	(655, 'Neiva', 17, '0000-00-00 00:00:00', '0000-00-00 00:00:00'),
	(656, 'Nátaga', 17, '0000-00-00 00:00:00', '0000-00-00 00:00:00'),
	(657, 'Oporapa', 17, '0000-00-00 00:00:00', '0000-00-00 00:00:00'),
	(658, 'Paicol', 17, '0000-00-00 00:00:00', '0000-00-00 00:00:00'),
	(659, 'Palermo', 17, '0000-00-00 00:00:00', '0000-00-00 00:00:00'),
	(660, 'Palestina', 17, '0000-00-00 00:00:00', '0000-00-00 00:00:00'),
	(661, 'Pital', 17, '0000-00-00 00:00:00', '0000-00-00 00:00:00'),
	(662, 'Pitalito', 17, '0000-00-00 00:00:00', '0000-00-00 00:00:00'),
	(663, 'Rivera', 17, '0000-00-00 00:00:00', '0000-00-00 00:00:00'),
	(664, 'Saladoblanco', 17, '0000-00-00 00:00:00', '0000-00-00 00:00:00'),
	(665, 'San Agustín', 17, '0000-00-00 00:00:00', '0000-00-00 00:00:00'),
	(666, 'Santa María', 17, '0000-00-00 00:00:00', '0000-00-00 00:00:00'),
	(667, 'Suaza', 17, '0000-00-00 00:00:00', '0000-00-00 00:00:00'),
	(668, 'Tarqui', 17, '0000-00-00 00:00:00', '0000-00-00 00:00:00'),
	(669, 'Tello', 17, '0000-00-00 00:00:00', '0000-00-00 00:00:00'),
	(670, 'Teruel', 17, '0000-00-00 00:00:00', '0000-00-00 00:00:00'),
	(671, 'Tesalia', 17, '0000-00-00 00:00:00', '0000-00-00 00:00:00'),
	(672, 'Timaná', 17, '0000-00-00 00:00:00', '0000-00-00 00:00:00'),
	(673, 'Villavieja', 17, '0000-00-00 00:00:00', '0000-00-00 00:00:00'),
	(674, 'Yaguará', 17, '0000-00-00 00:00:00', '0000-00-00 00:00:00'),
	(675, 'Íquira', 17, '0000-00-00 00:00:00', '0000-00-00 00:00:00'),
	(676, 'Albania', 18, '0000-00-00 00:00:00', '0000-00-00 00:00:00'),
	(677, 'Barrancas', 18, '0000-00-00 00:00:00', '0000-00-00 00:00:00'),
	(678, 'Dibulla', 18, '0000-00-00 00:00:00', '0000-00-00 00:00:00'),
	(679, 'Distracción', 18, '0000-00-00 00:00:00', '0000-00-00 00:00:00'),
	(680, 'El Molino', 18, '0000-00-00 00:00:00', '0000-00-00 00:00:00'),
	(681, 'Fonseca', 18, '0000-00-00 00:00:00', '0000-00-00 00:00:00'),
	(682, 'Hatonuevo', 18, '0000-00-00 00:00:00', '0000-00-00 00:00:00'),
	(683, 'La Jagua del Pilar', 18, '0000-00-00 00:00:00', '0000-00-00 00:00:00'),
	(684, 'Maicao', 18, '0000-00-00 00:00:00', '0000-00-00 00:00:00'),
	(685, 'Manaure', 18, '0000-00-00 00:00:00', '0000-00-00 00:00:00'),
	(686, 'Riohacha', 18, '0000-00-00 00:00:00', '0000-00-00 00:00:00'),
	(687, 'San Juan del Cesar', 18, '0000-00-00 00:00:00', '0000-00-00 00:00:00'),
	(688, 'Uribia', 18, '0000-00-00 00:00:00', '0000-00-00 00:00:00'),
	(689, 'Urumita', 18, '0000-00-00 00:00:00', '0000-00-00 00:00:00'),
	(690, 'Villanueva', 18, '0000-00-00 00:00:00', '0000-00-00 00:00:00'),
	(691, 'Algarrobo', 19, '0000-00-00 00:00:00', '0000-00-00 00:00:00'),
	(692, 'Aracataca', 19, '0000-00-00 00:00:00', '0000-00-00 00:00:00'),
	(693, 'Ariguaní (El Difícil)', 19, '0000-00-00 00:00:00', '0000-00-00 00:00:00'),
	(694, 'Cerro San Antonio', 19, '0000-00-00 00:00:00', '0000-00-00 00:00:00'),
	(695, 'Chivolo', 19, '0000-00-00 00:00:00', '0000-00-00 00:00:00'),
	(696, 'Ciénaga', 19, '0000-00-00 00:00:00', '0000-00-00 00:00:00'),
	(697, 'Concordia', 19, '0000-00-00 00:00:00', '0000-00-00 00:00:00'),
	(698, 'El Banco', 19, '0000-00-00 00:00:00', '0000-00-00 00:00:00'),
	(699, 'El Piñon', 19, '0000-00-00 00:00:00', '0000-00-00 00:00:00'),
	(700, 'El Retén', 19, '0000-00-00 00:00:00', '0000-00-00 00:00:00'),
	(701, 'Fundación', 19, '0000-00-00 00:00:00', '0000-00-00 00:00:00'),
	(702, 'Guamal', 19, '0000-00-00 00:00:00', '0000-00-00 00:00:00'),
	(703, 'Nueva Granada', 19, '0000-00-00 00:00:00', '0000-00-00 00:00:00'),
	(704, 'Pedraza', 19, '0000-00-00 00:00:00', '0000-00-00 00:00:00'),
	(705, 'Pijiño', 19, '0000-00-00 00:00:00', '0000-00-00 00:00:00'),
	(706, 'Pivijay', 19, '0000-00-00 00:00:00', '0000-00-00 00:00:00'),
	(707, 'Plato', 19, '0000-00-00 00:00:00', '0000-00-00 00:00:00'),
	(708, 'Puebloviejo', 19, '0000-00-00 00:00:00', '0000-00-00 00:00:00'),
	(709, 'Remolino', 19, '0000-00-00 00:00:00', '0000-00-00 00:00:00'),
	(710, 'Sabanas de San Angel (SAN ANGEL)', 19, '0000-00-00 00:00:00', '0000-00-00 00:00:00'),
	(711, 'Salamina', 19, '0000-00-00 00:00:00', '0000-00-00 00:00:00'),
	(712, 'San Sebastián de Buenavista', 19, '0000-00-00 00:00:00', '0000-00-00 00:00:00'),
	(713, 'San Zenón', 19, '0000-00-00 00:00:00', '0000-00-00 00:00:00'),
	(714, 'Santa Ana', 19, '0000-00-00 00:00:00', '0000-00-00 00:00:00'),
	(715, 'Santa Bárbara de Pinto', 19, '0000-00-00 00:00:00', '0000-00-00 00:00:00'),
	(716, 'Santa Marta', 19, '0000-00-00 00:00:00', '0000-00-00 00:00:00'),
	(717, 'Sitionuevo', 19, '0000-00-00 00:00:00', '0000-00-00 00:00:00'),
	(718, 'Tenerife', 19, '0000-00-00 00:00:00', '0000-00-00 00:00:00'),
	(719, 'Zapayán (PUNTA DE PIEDRAS)', 19, '0000-00-00 00:00:00', '0000-00-00 00:00:00'),
	(720, 'Zona Bananera (PRADO - SEVILLA)', 19, '0000-00-00 00:00:00', '0000-00-00 00:00:00'),
	(721, 'Acacías', 20, '0000-00-00 00:00:00', '0000-00-00 00:00:00'),
	(722, 'Barranca de Upía', 20, '0000-00-00 00:00:00', '0000-00-00 00:00:00'),
	(723, 'Cabuyaro', 20, '0000-00-00 00:00:00', '0000-00-00 00:00:00'),
	(724, 'Castilla la Nueva', 20, '0000-00-00 00:00:00', '0000-00-00 00:00:00'),
	(725, 'Cubarral', 20, '0000-00-00 00:00:00', '0000-00-00 00:00:00'),
	(726, 'Cumaral', 20, '0000-00-00 00:00:00', '0000-00-00 00:00:00'),
	(727, 'El Calvario', 20, '0000-00-00 00:00:00', '0000-00-00 00:00:00'),
	(728, 'El Castillo', 20, '0000-00-00 00:00:00', '0000-00-00 00:00:00'),
	(729, 'El Dorado', 20, '0000-00-00 00:00:00', '0000-00-00 00:00:00'),
	(730, 'Fuente de Oro', 20, '0000-00-00 00:00:00', '0000-00-00 00:00:00'),
	(731, 'Granada', 20, '0000-00-00 00:00:00', '0000-00-00 00:00:00'),
	(732, 'Guamal', 20, '0000-00-00 00:00:00', '0000-00-00 00:00:00'),
	(733, 'La Macarena', 20, '0000-00-00 00:00:00', '0000-00-00 00:00:00'),
	(734, 'Lejanías', 20, '0000-00-00 00:00:00', '0000-00-00 00:00:00'),
	(735, 'Mapiripan', 20, '0000-00-00 00:00:00', '0000-00-00 00:00:00'),
	(736, 'Mesetas', 20, '0000-00-00 00:00:00', '0000-00-00 00:00:00'),
	(737, 'Puerto Concordia', 20, '0000-00-00 00:00:00', '0000-00-00 00:00:00'),
	(738, 'Puerto Gaitán', 20, '0000-00-00 00:00:00', '0000-00-00 00:00:00'),
	(739, 'Puerto Lleras', 20, '0000-00-00 00:00:00', '0000-00-00 00:00:00'),
	(740, 'Puerto López', 20, '0000-00-00 00:00:00', '0000-00-00 00:00:00'),
	(741, 'Puerto Rico', 20, '0000-00-00 00:00:00', '0000-00-00 00:00:00'),
	(742, 'Restrepo', 20, '0000-00-00 00:00:00', '0000-00-00 00:00:00'),
	(743, 'San Carlos de Guaroa', 20, '0000-00-00 00:00:00', '0000-00-00 00:00:00'),
	(744, 'San Juan de Arama', 20, '0000-00-00 00:00:00', '0000-00-00 00:00:00'),
	(745, 'San Juanito', 20, '0000-00-00 00:00:00', '0000-00-00 00:00:00'),
	(746, 'San Martín', 20, '0000-00-00 00:00:00', '0000-00-00 00:00:00'),
	(747, 'Uribe', 20, '0000-00-00 00:00:00', '0000-00-00 00:00:00'),
	(748, 'Villavicencio', 20, '0000-00-00 00:00:00', '0000-00-00 00:00:00'),
	(749, 'Vista Hermosa', 20, '0000-00-00 00:00:00', '0000-00-00 00:00:00'),
	(750, 'Albán (San José)', 21, '0000-00-00 00:00:00', '0000-00-00 00:00:00'),
	(751, 'Aldana', 21, '0000-00-00 00:00:00', '0000-00-00 00:00:00'),
	(752, 'Ancuya', 21, '0000-00-00 00:00:00', '0000-00-00 00:00:00'),
	(753, 'Arboleda (Berruecos)', 21, '0000-00-00 00:00:00', '0000-00-00 00:00:00'),
	(754, 'Barbacoas', 21, '0000-00-00 00:00:00', '0000-00-00 00:00:00'),
	(755, 'Belén', 21, '0000-00-00 00:00:00', '0000-00-00 00:00:00'),
	(756, 'Buesaco', 21, '0000-00-00 00:00:00', '0000-00-00 00:00:00'),
	(757, 'Chachaguí', 21, '0000-00-00 00:00:00', '0000-00-00 00:00:00'),
	(758, 'Colón (Génova)', 21, '0000-00-00 00:00:00', '0000-00-00 00:00:00'),
	(759, 'Consaca', 21, '0000-00-00 00:00:00', '0000-00-00 00:00:00'),
	(760, 'Contadero', 21, '0000-00-00 00:00:00', '0000-00-00 00:00:00'),
	(761, 'Cuaspud (Carlosama)', 21, '0000-00-00 00:00:00', '0000-00-00 00:00:00'),
	(762, 'Cumbal', 21, '0000-00-00 00:00:00', '0000-00-00 00:00:00'),
	(763, 'Cumbitara', 21, '0000-00-00 00:00:00', '0000-00-00 00:00:00'),
	(764, 'Córdoba', 21, '0000-00-00 00:00:00', '0000-00-00 00:00:00'),
	(765, 'El Charco', 21, '0000-00-00 00:00:00', '0000-00-00 00:00:00'),
	(766, 'El Peñol', 21, '0000-00-00 00:00:00', '0000-00-00 00:00:00'),
	(767, 'El Rosario', 21, '0000-00-00 00:00:00', '0000-00-00 00:00:00'),
	(768, 'El Tablón de Gómez', 21, '0000-00-00 00:00:00', '0000-00-00 00:00:00'),
	(769, 'El Tambo', 21, '0000-00-00 00:00:00', '0000-00-00 00:00:00'),
	(770, 'Francisco Pizarro', 21, '0000-00-00 00:00:00', '0000-00-00 00:00:00'),
	(771, 'Funes', 21, '0000-00-00 00:00:00', '0000-00-00 00:00:00'),
	(772, 'Guachavés', 21, '0000-00-00 00:00:00', '0000-00-00 00:00:00'),
	(773, 'Guachucal', 21, '0000-00-00 00:00:00', '0000-00-00 00:00:00'),
	(774, 'Guaitarilla', 21, '0000-00-00 00:00:00', '0000-00-00 00:00:00'),
	(775, 'Gualmatán', 21, '0000-00-00 00:00:00', '0000-00-00 00:00:00'),
	(776, 'Iles', 21, '0000-00-00 00:00:00', '0000-00-00 00:00:00'),
	(777, 'Imúes', 21, '0000-00-00 00:00:00', '0000-00-00 00:00:00'),
	(778, 'Ipiales', 21, '0000-00-00 00:00:00', '0000-00-00 00:00:00'),
	(779, 'La Cruz', 21, '0000-00-00 00:00:00', '0000-00-00 00:00:00'),
	(780, 'La Florida', 21, '0000-00-00 00:00:00', '0000-00-00 00:00:00'),
	(781, 'La Llanada', 21, '0000-00-00 00:00:00', '0000-00-00 00:00:00'),
	(782, 'La Tola', 21, '0000-00-00 00:00:00', '0000-00-00 00:00:00'),
	(783, 'La Unión', 21, '0000-00-00 00:00:00', '0000-00-00 00:00:00'),
	(784, 'Leiva', 21, '0000-00-00 00:00:00', '0000-00-00 00:00:00'),
	(785, 'Linares', 21, '0000-00-00 00:00:00', '0000-00-00 00:00:00'),
	(786, 'Magüi (Payán)', 21, '0000-00-00 00:00:00', '0000-00-00 00:00:00'),
	(787, 'Mallama (Piedrancha)', 21, '0000-00-00 00:00:00', '0000-00-00 00:00:00'),
	(788, 'Mosquera', 21, '0000-00-00 00:00:00', '0000-00-00 00:00:00'),
	(789, 'Nariño', 21, '0000-00-00 00:00:00', '0000-00-00 00:00:00'),
	(790, 'Olaya Herrera', 21, '0000-00-00 00:00:00', '0000-00-00 00:00:00'),
	(791, 'Ospina', 21, '0000-00-00 00:00:00', '0000-00-00 00:00:00'),
	(792, 'Policarpa', 21, '0000-00-00 00:00:00', '0000-00-00 00:00:00'),
	(793, 'Potosí', 21, '0000-00-00 00:00:00', '0000-00-00 00:00:00'),
	(794, 'Providencia', 21, '0000-00-00 00:00:00', '0000-00-00 00:00:00'),
	(795, 'Puerres', 21, '0000-00-00 00:00:00', '0000-00-00 00:00:00'),
	(796, 'Pupiales', 21, '0000-00-00 00:00:00', '0000-00-00 00:00:00'),
	(797, 'Ricaurte', 21, '0000-00-00 00:00:00', '0000-00-00 00:00:00'),
	(798, 'Roberto Payán (San José)', 21, '0000-00-00 00:00:00', '0000-00-00 00:00:00'),
	(799, 'Samaniego', 21, '0000-00-00 00:00:00', '0000-00-00 00:00:00'),
	(800, 'San Bernardo', 21, '0000-00-00 00:00:00', '0000-00-00 00:00:00'),
	(801, 'San Juan de Pasto', 21, '0000-00-00 00:00:00', '0000-00-00 00:00:00'),
	(802, 'San Lorenzo', 21, '0000-00-00 00:00:00', '0000-00-00 00:00:00'),
	(803, 'San Pablo', 21, '0000-00-00 00:00:00', '0000-00-00 00:00:00'),
	(804, 'San Pedro de Cartago', 21, '0000-00-00 00:00:00', '0000-00-00 00:00:00'),
	(805, 'Sandoná', 21, '0000-00-00 00:00:00', '0000-00-00 00:00:00'),
	(806, 'Santa Bárbara (Iscuandé)', 21, '0000-00-00 00:00:00', '0000-00-00 00:00:00'),
	(807, 'Sapuyes', 21, '0000-00-00 00:00:00', '0000-00-00 00:00:00'),
	(808, 'Sotomayor (Los Andes)', 21, '0000-00-00 00:00:00', '0000-00-00 00:00:00'),
	(809, 'Taminango', 21, '0000-00-00 00:00:00', '0000-00-00 00:00:00'),
	(810, 'Tangua', 21, '0000-00-00 00:00:00', '0000-00-00 00:00:00'),
	(811, 'Tumaco', 21, '0000-00-00 00:00:00', '0000-00-00 00:00:00'),
	(812, 'Túquerres', 21, '0000-00-00 00:00:00', '0000-00-00 00:00:00'),
	(813, 'Yacuanquer', 21, '0000-00-00 00:00:00', '0000-00-00 00:00:00'),
	(814, 'Arboledas', 22, '0000-00-00 00:00:00', '0000-00-00 00:00:00'),
	(815, 'Bochalema', 22, '0000-00-00 00:00:00', '0000-00-00 00:00:00'),
	(816, 'Bucarasica', 22, '0000-00-00 00:00:00', '0000-00-00 00:00:00'),
	(817, 'Chinácota', 22, '0000-00-00 00:00:00', '0000-00-00 00:00:00'),
	(818, 'Chitagá', 22, '0000-00-00 00:00:00', '0000-00-00 00:00:00'),
	(819, 'Convención', 22, '0000-00-00 00:00:00', '0000-00-00 00:00:00'),
	(820, 'Cucutilla', 22, '0000-00-00 00:00:00', '0000-00-00 00:00:00'),
	(821, 'Cáchira', 22, '0000-00-00 00:00:00', '0000-00-00 00:00:00'),
	(822, 'Cácota', 22, '0000-00-00 00:00:00', '0000-00-00 00:00:00'),
	(823, 'Cúcuta', 22, '0000-00-00 00:00:00', '0000-00-00 00:00:00'),
	(824, 'Durania', 22, '0000-00-00 00:00:00', '0000-00-00 00:00:00'),
	(825, 'El Carmen', 22, '0000-00-00 00:00:00', '0000-00-00 00:00:00'),
	(826, 'El Tarra', 22, '0000-00-00 00:00:00', '0000-00-00 00:00:00'),
	(827, 'El Zulia', 22, '0000-00-00 00:00:00', '0000-00-00 00:00:00'),
	(828, 'Gramalote', 22, '0000-00-00 00:00:00', '0000-00-00 00:00:00'),
	(829, 'Hacarí', 22, '0000-00-00 00:00:00', '0000-00-00 00:00:00'),
	(830, 'Herrán', 22, '0000-00-00 00:00:00', '0000-00-00 00:00:00'),
	(831, 'La Esperanza', 22, '0000-00-00 00:00:00', '0000-00-00 00:00:00'),
	(832, 'La Playa', 22, '0000-00-00 00:00:00', '0000-00-00 00:00:00'),
	(833, 'Labateca', 22, '0000-00-00 00:00:00', '0000-00-00 00:00:00'),
	(834, 'Los Patios', 22, '0000-00-00 00:00:00', '0000-00-00 00:00:00'),
	(835, 'Lourdes', 22, '0000-00-00 00:00:00', '0000-00-00 00:00:00'),
	(836, 'Mutiscua', 22, '0000-00-00 00:00:00', '0000-00-00 00:00:00'),
	(837, 'Ocaña', 22, '0000-00-00 00:00:00', '0000-00-00 00:00:00'),
	(838, 'Pamplona', 22, '0000-00-00 00:00:00', '0000-00-00 00:00:00'),
	(839, 'Pamplonita', 22, '0000-00-00 00:00:00', '0000-00-00 00:00:00'),
	(840, 'Puerto Santander', 22, '0000-00-00 00:00:00', '0000-00-00 00:00:00'),
	(841, 'Ragonvalia', 22, '0000-00-00 00:00:00', '0000-00-00 00:00:00'),
	(842, 'Salazar', 22, '0000-00-00 00:00:00', '0000-00-00 00:00:00'),
	(843, 'San Calixto', 22, '0000-00-00 00:00:00', '0000-00-00 00:00:00'),
	(844, 'San Cayetano', 22, '0000-00-00 00:00:00', '0000-00-00 00:00:00'),
	(845, 'Santiago', 22, '0000-00-00 00:00:00', '0000-00-00 00:00:00'),
	(846, 'Sardinata', 22, '0000-00-00 00:00:00', '0000-00-00 00:00:00'),
	(847, 'Silos', 22, '0000-00-00 00:00:00', '0000-00-00 00:00:00'),
	(848, 'Teorama', 22, '0000-00-00 00:00:00', '0000-00-00 00:00:00'),
	(849, 'Tibú', 22, '0000-00-00 00:00:00', '0000-00-00 00:00:00'),
	(850, 'Toledo', 22, '0000-00-00 00:00:00', '0000-00-00 00:00:00'),
	(851, 'Villa Caro', 22, '0000-00-00 00:00:00', '0000-00-00 00:00:00'),
	(852, 'Villa del Rosario', 22, '0000-00-00 00:00:00', '0000-00-00 00:00:00'),
	(853, 'Ábrego', 22, '0000-00-00 00:00:00', '0000-00-00 00:00:00'),
	(854, 'Colón', 23, '0000-00-00 00:00:00', '0000-00-00 00:00:00'),
	(855, 'Mocoa', 23, '0000-00-00 00:00:00', '0000-00-00 00:00:00'),
	(856, 'Orito', 23, '0000-00-00 00:00:00', '0000-00-00 00:00:00'),
	(857, 'Puerto Asís', 23, '0000-00-00 00:00:00', '0000-00-00 00:00:00'),
	(858, 'Puerto Caicedo', 23, '0000-00-00 00:00:00', '0000-00-00 00:00:00'),
	(859, 'Puerto Guzmán', 23, '0000-00-00 00:00:00', '0000-00-00 00:00:00'),
	(860, 'Puerto Leguízamo', 23, '0000-00-00 00:00:00', '0000-00-00 00:00:00'),
	(861, 'San Francisco', 23, '0000-00-00 00:00:00', '0000-00-00 00:00:00'),
	(862, 'San Miguel', 23, '0000-00-00 00:00:00', '0000-00-00 00:00:00'),
	(863, 'Santiago', 23, '0000-00-00 00:00:00', '0000-00-00 00:00:00'),
	(864, 'Sibundoy', 23, '0000-00-00 00:00:00', '0000-00-00 00:00:00'),
	(865, 'Valle del Guamuez', 23, '0000-00-00 00:00:00', '0000-00-00 00:00:00'),
	(866, 'Villagarzón', 23, '0000-00-00 00:00:00', '0000-00-00 00:00:00'),
	(867, 'Armenia', 24, '0000-00-00 00:00:00', '0000-00-00 00:00:00'),
	(868, 'Buenavista', 24, '0000-00-00 00:00:00', '0000-00-00 00:00:00'),
	(869, 'Calarcá', 24, '0000-00-00 00:00:00', '0000-00-00 00:00:00'),
	(870, 'Circasia', 24, '0000-00-00 00:00:00', '0000-00-00 00:00:00'),
	(871, 'Cordobá', 24, '0000-00-00 00:00:00', '0000-00-00 00:00:00'),
	(872, 'Filandia', 24, '0000-00-00 00:00:00', '0000-00-00 00:00:00'),
	(873, 'Génova', 24, '0000-00-00 00:00:00', '0000-00-00 00:00:00'),
	(874, 'La Tebaida', 24, '0000-00-00 00:00:00', '0000-00-00 00:00:00'),
	(875, 'Montenegro', 24, '0000-00-00 00:00:00', '0000-00-00 00:00:00'),
	(876, 'Pijao', 24, '0000-00-00 00:00:00', '0000-00-00 00:00:00'),
	(877, 'Quimbaya', 24, '0000-00-00 00:00:00', '0000-00-00 00:00:00'),
	(878, 'Salento', 24, '0000-00-00 00:00:00', '0000-00-00 00:00:00'),
	(879, 'Apía', 25, '0000-00-00 00:00:00', '0000-00-00 00:00:00'),
	(880, 'Balboa', 25, '0000-00-00 00:00:00', '0000-00-00 00:00:00'),
	(881, 'Belén de Umbría', 25, '0000-00-00 00:00:00', '0000-00-00 00:00:00'),
	(882, 'Dos Quebradas', 25, '0000-00-00 00:00:00', '0000-00-00 00:00:00'),
	(883, 'Guática', 25, '0000-00-00 00:00:00', '0000-00-00 00:00:00'),
	(884, 'La Celia', 25, '0000-00-00 00:00:00', '0000-00-00 00:00:00'),
	(885, 'La Virginia', 25, '0000-00-00 00:00:00', '0000-00-00 00:00:00'),
	(886, 'Marsella', 25, '0000-00-00 00:00:00', '0000-00-00 00:00:00'),
	(887, 'Mistrató', 25, '0000-00-00 00:00:00', '0000-00-00 00:00:00'),
	(888, 'Pereira', 25, '0000-00-00 00:00:00', '0000-00-00 00:00:00'),
	(889, 'Pueblo Rico', 25, '0000-00-00 00:00:00', '0000-00-00 00:00:00'),
	(890, 'Quinchía', 25, '0000-00-00 00:00:00', '0000-00-00 00:00:00'),
	(891, 'Santa Rosa de Cabal', 25, '0000-00-00 00:00:00', '0000-00-00 00:00:00'),
	(892, 'Santuario', 25, '0000-00-00 00:00:00', '0000-00-00 00:00:00'),
	(893, 'Providencia', 26, '0000-00-00 00:00:00', '0000-00-00 00:00:00'),
	(894, 'Aguada', 27, '0000-00-00 00:00:00', '0000-00-00 00:00:00'),
	(895, 'Albania', 27, '0000-00-00 00:00:00', '0000-00-00 00:00:00'),
	(896, 'Aratoca', 27, '0000-00-00 00:00:00', '0000-00-00 00:00:00'),
	(897, 'Barbosa', 27, '0000-00-00 00:00:00', '0000-00-00 00:00:00'),
	(898, 'Barichara', 27, '0000-00-00 00:00:00', '0000-00-00 00:00:00'),
	(899, 'Barrancabermeja', 27, '0000-00-00 00:00:00', '0000-00-00 00:00:00'),
	(900, 'Betulia', 27, '0000-00-00 00:00:00', '0000-00-00 00:00:00'),
	(901, 'Bolívar', 27, '0000-00-00 00:00:00', '0000-00-00 00:00:00'),
	(902, 'Bucaramanga', 27, '0000-00-00 00:00:00', '0000-00-00 00:00:00'),
	(903, 'Cabrera', 27, '0000-00-00 00:00:00', '0000-00-00 00:00:00'),
	(904, 'California', 27, '0000-00-00 00:00:00', '0000-00-00 00:00:00'),
	(905, 'Capitanejo', 27, '0000-00-00 00:00:00', '0000-00-00 00:00:00'),
	(906, 'Carcasí', 27, '0000-00-00 00:00:00', '0000-00-00 00:00:00'),
	(907, 'Cepita', 27, '0000-00-00 00:00:00', '0000-00-00 00:00:00'),
	(908, 'Cerrito', 27, '0000-00-00 00:00:00', '0000-00-00 00:00:00'),
	(909, 'Charalá', 27, '0000-00-00 00:00:00', '0000-00-00 00:00:00'),
	(910, 'Charta', 27, '0000-00-00 00:00:00', '0000-00-00 00:00:00'),
	(911, 'Chima', 27, '0000-00-00 00:00:00', '0000-00-00 00:00:00'),
	(912, 'Chipatá', 27, '0000-00-00 00:00:00', '0000-00-00 00:00:00'),
	(913, 'Cimitarra', 27, '0000-00-00 00:00:00', '0000-00-00 00:00:00'),
	(914, 'Concepción', 27, '0000-00-00 00:00:00', '0000-00-00 00:00:00'),
	(915, 'Confines', 27, '0000-00-00 00:00:00', '0000-00-00 00:00:00'),
	(916, 'Contratación', 27, '0000-00-00 00:00:00', '0000-00-00 00:00:00'),
	(917, 'Coromoro', 27, '0000-00-00 00:00:00', '0000-00-00 00:00:00'),
	(918, 'Curití', 27, '0000-00-00 00:00:00', '0000-00-00 00:00:00'),
	(919, 'El Carmen', 27, '0000-00-00 00:00:00', '0000-00-00 00:00:00'),
	(920, 'El Guacamayo', 27, '0000-00-00 00:00:00', '0000-00-00 00:00:00'),
	(921, 'El Peñon', 27, '0000-00-00 00:00:00', '0000-00-00 00:00:00'),
	(922, 'El Playón', 27, '0000-00-00 00:00:00', '0000-00-00 00:00:00'),
	(923, 'Encino', 27, '0000-00-00 00:00:00', '0000-00-00 00:00:00'),
	(924, 'Enciso', 27, '0000-00-00 00:00:00', '0000-00-00 00:00:00'),
	(925, 'Floridablanca', 27, '0000-00-00 00:00:00', '0000-00-00 00:00:00'),
	(926, 'Florián', 27, '0000-00-00 00:00:00', '0000-00-00 00:00:00'),
	(927, 'Galán', 27, '0000-00-00 00:00:00', '0000-00-00 00:00:00'),
	(928, 'Girón', 27, '0000-00-00 00:00:00', '0000-00-00 00:00:00'),
	(929, 'Guaca', 27, '0000-00-00 00:00:00', '0000-00-00 00:00:00'),
	(930, 'Guadalupe', 27, '0000-00-00 00:00:00', '0000-00-00 00:00:00'),
	(931, 'Guapota', 27, '0000-00-00 00:00:00', '0000-00-00 00:00:00'),
	(932, 'Guavatá', 27, '0000-00-00 00:00:00', '0000-00-00 00:00:00'),
	(933, 'Guepsa', 27, '0000-00-00 00:00:00', '0000-00-00 00:00:00'),
	(934, 'Gámbita', 27, '0000-00-00 00:00:00', '0000-00-00 00:00:00'),
	(935, 'Hato', 27, '0000-00-00 00:00:00', '0000-00-00 00:00:00'),
	(936, 'Jesús María', 27, '0000-00-00 00:00:00', '0000-00-00 00:00:00'),
	(937, 'Jordán', 27, '0000-00-00 00:00:00', '0000-00-00 00:00:00'),
	(938, 'La Belleza', 27, '0000-00-00 00:00:00', '0000-00-00 00:00:00'),
	(939, 'La Paz', 27, '0000-00-00 00:00:00', '0000-00-00 00:00:00'),
	(940, 'Landázuri', 27, '0000-00-00 00:00:00', '0000-00-00 00:00:00'),
	(941, 'Lebrija', 27, '0000-00-00 00:00:00', '0000-00-00 00:00:00'),
	(942, 'Los Santos', 27, '0000-00-00 00:00:00', '0000-00-00 00:00:00'),
	(943, 'Macaravita', 27, '0000-00-00 00:00:00', '0000-00-00 00:00:00'),
	(944, 'Matanza', 27, '0000-00-00 00:00:00', '0000-00-00 00:00:00'),
	(945, 'Mogotes', 27, '0000-00-00 00:00:00', '0000-00-00 00:00:00'),
	(946, 'Molagavita', 27, '0000-00-00 00:00:00', '0000-00-00 00:00:00'),
	(947, 'Málaga', 27, '0000-00-00 00:00:00', '0000-00-00 00:00:00'),
	(948, 'Ocamonte', 27, '0000-00-00 00:00:00', '0000-00-00 00:00:00'),
	(949, 'Oiba', 27, '0000-00-00 00:00:00', '0000-00-00 00:00:00'),
	(950, 'Onzaga', 27, '0000-00-00 00:00:00', '0000-00-00 00:00:00'),
	(951, 'Palmar', 27, '0000-00-00 00:00:00', '0000-00-00 00:00:00'),
	(952, 'Palmas del Socorro', 27, '0000-00-00 00:00:00', '0000-00-00 00:00:00'),
	(953, 'Pie de Cuesta', 27, '0000-00-00 00:00:00', '0000-00-00 00:00:00'),
	(954, 'Pinchote', 27, '0000-00-00 00:00:00', '0000-00-00 00:00:00'),
	(955, 'Puente Nacional', 27, '0000-00-00 00:00:00', '0000-00-00 00:00:00'),
	(956, 'Puerto Parra', 27, '0000-00-00 00:00:00', '0000-00-00 00:00:00'),
	(957, 'Puerto Wilches', 27, '0000-00-00 00:00:00', '0000-00-00 00:00:00'),
	(958, 'Páramo', 27, '0000-00-00 00:00:00', '0000-00-00 00:00:00'),
	(959, 'Rio Negro', 27, '0000-00-00 00:00:00', '0000-00-00 00:00:00'),
	(960, 'Sabana de Torres', 27, '0000-00-00 00:00:00', '0000-00-00 00:00:00'),
	(961, 'San Andrés', 27, '0000-00-00 00:00:00', '0000-00-00 00:00:00'),
	(962, 'San Benito', 27, '0000-00-00 00:00:00', '0000-00-00 00:00:00'),
	(963, 'San Gíl', 27, '0000-00-00 00:00:00', '0000-00-00 00:00:00'),
	(964, 'San Joaquín', 27, '0000-00-00 00:00:00', '0000-00-00 00:00:00'),
	(965, 'San José de Miranda', 27, '0000-00-00 00:00:00', '0000-00-00 00:00:00'),
	(966, 'San Miguel', 27, '0000-00-00 00:00:00', '0000-00-00 00:00:00'),
	(967, 'San Vicente del Chucurí', 27, '0000-00-00 00:00:00', '0000-00-00 00:00:00'),
	(968, 'Santa Bárbara', 27, '0000-00-00 00:00:00', '0000-00-00 00:00:00'),
	(969, 'Santa Helena del Opón', 27, '0000-00-00 00:00:00', '0000-00-00 00:00:00'),
	(970, 'Simacota', 27, '0000-00-00 00:00:00', '0000-00-00 00:00:00'),
	(971, 'Socorro', 27, '0000-00-00 00:00:00', '0000-00-00 00:00:00'),
	(972, 'Suaita', 27, '0000-00-00 00:00:00', '0000-00-00 00:00:00'),
	(973, 'Sucre', 27, '0000-00-00 00:00:00', '0000-00-00 00:00:00'),
	(974, 'Suratá', 27, '0000-00-00 00:00:00', '0000-00-00 00:00:00'),
	(975, 'Tona', 27, '0000-00-00 00:00:00', '0000-00-00 00:00:00'),
	(976, 'Valle de San José', 27, '0000-00-00 00:00:00', '0000-00-00 00:00:00'),
	(977, 'Vetas', 27, '0000-00-00 00:00:00', '0000-00-00 00:00:00'),
	(978, 'Villanueva', 27, '0000-00-00 00:00:00', '0000-00-00 00:00:00'),
	(979, 'Vélez', 27, '0000-00-00 00:00:00', '0000-00-00 00:00:00'),
	(980, 'Zapatoca', 27, '0000-00-00 00:00:00', '0000-00-00 00:00:00'),
	(981, 'Buenavista', 28, '0000-00-00 00:00:00', '0000-00-00 00:00:00'),
	(982, 'Caimito', 28, '0000-00-00 00:00:00', '0000-00-00 00:00:00'),
	(983, 'Chalán', 28, '0000-00-00 00:00:00', '0000-00-00 00:00:00'),
	(984, 'Colosó (Ricaurte)', 28, '0000-00-00 00:00:00', '0000-00-00 00:00:00'),
	(985, 'Corozal', 28, '0000-00-00 00:00:00', '0000-00-00 00:00:00'),
	(986, 'Coveñas', 28, '0000-00-00 00:00:00', '0000-00-00 00:00:00'),
	(987, 'El Roble', 28, '0000-00-00 00:00:00', '0000-00-00 00:00:00'),
	(988, 'Galeras (Nueva Granada)', 28, '0000-00-00 00:00:00', '0000-00-00 00:00:00'),
	(989, 'Guaranda', 28, '0000-00-00 00:00:00', '0000-00-00 00:00:00'),
	(990, 'La Unión', 28, '0000-00-00 00:00:00', '0000-00-00 00:00:00'),
	(991, 'Los Palmitos', 28, '0000-00-00 00:00:00', '0000-00-00 00:00:00'),
	(992, 'Majagual', 28, '0000-00-00 00:00:00', '0000-00-00 00:00:00'),
	(993, 'Morroa', 28, '0000-00-00 00:00:00', '0000-00-00 00:00:00'),
	(994, 'Ovejas', 28, '0000-00-00 00:00:00', '0000-00-00 00:00:00'),
	(995, 'Palmito', 28, '0000-00-00 00:00:00', '0000-00-00 00:00:00'),
	(996, 'Sampués', 28, '0000-00-00 00:00:00', '0000-00-00 00:00:00'),
	(997, 'San Benito Abad', 28, '0000-00-00 00:00:00', '0000-00-00 00:00:00'),
	(998, 'San Juan de Betulia', 28, '0000-00-00 00:00:00', '0000-00-00 00:00:00'),
	(999, 'San Marcos', 28, '0000-00-00 00:00:00', '0000-00-00 00:00:00'),
	(1000, 'San Onofre', 28, '0000-00-00 00:00:00', '0000-00-00 00:00:00'),
	(1001, 'San Pedro', 28, '0000-00-00 00:00:00', '0000-00-00 00:00:00'),
	(1002, 'Sincelejo', 28, '0000-00-00 00:00:00', '0000-00-00 00:00:00'),
	(1003, 'Sincé', 28, '0000-00-00 00:00:00', '0000-00-00 00:00:00'),
	(1004, 'Sucre', 28, '0000-00-00 00:00:00', '0000-00-00 00:00:00'),
	(1005, 'Tolú', 28, '0000-00-00 00:00:00', '0000-00-00 00:00:00'),
	(1006, 'Tolú Viejo', 28, '0000-00-00 00:00:00', '0000-00-00 00:00:00'),
	(1007, 'Alpujarra', 29, '0000-00-00 00:00:00', '0000-00-00 00:00:00'),
	(1008, 'Alvarado', 29, '0000-00-00 00:00:00', '0000-00-00 00:00:00'),
	(1009, 'Ambalema', 29, '0000-00-00 00:00:00', '0000-00-00 00:00:00'),
	(1010, 'Anzoátegui', 29, '0000-00-00 00:00:00', '0000-00-00 00:00:00'),
	(1011, 'Armero (Guayabal)', 29, '0000-00-00 00:00:00', '0000-00-00 00:00:00'),
	(1012, 'Ataco', 29, '0000-00-00 00:00:00', '0000-00-00 00:00:00'),
	(1013, 'Cajamarca', 29, '0000-00-00 00:00:00', '0000-00-00 00:00:00'),
	(1014, 'Carmen de Apicalá', 29, '0000-00-00 00:00:00', '0000-00-00 00:00:00'),
	(1015, 'Casabianca', 29, '0000-00-00 00:00:00', '0000-00-00 00:00:00'),
	(1016, 'Chaparral', 29, '0000-00-00 00:00:00', '0000-00-00 00:00:00'),
	(1017, 'Coello', 29, '0000-00-00 00:00:00', '0000-00-00 00:00:00'),
	(1018, 'Coyaima', 29, '0000-00-00 00:00:00', '0000-00-00 00:00:00'),
	(1019, 'Cunday', 29, '0000-00-00 00:00:00', '0000-00-00 00:00:00'),
	(1020, 'Dolores', 29, '0000-00-00 00:00:00', '0000-00-00 00:00:00'),
	(1021, 'Espinal', 29, '0000-00-00 00:00:00', '0000-00-00 00:00:00'),
	(1022, 'Falan', 29, '0000-00-00 00:00:00', '0000-00-00 00:00:00'),
	(1023, 'Flandes', 29, '0000-00-00 00:00:00', '0000-00-00 00:00:00'),
	(1024, 'Fresno', 29, '0000-00-00 00:00:00', '0000-00-00 00:00:00'),
	(1025, 'Guamo', 29, '0000-00-00 00:00:00', '0000-00-00 00:00:00'),
	(1026, 'Herveo', 29, '0000-00-00 00:00:00', '0000-00-00 00:00:00'),
	(1027, 'Honda', 29, '0000-00-00 00:00:00', '0000-00-00 00:00:00'),
	(1028, 'Ibagué', 29, '0000-00-00 00:00:00', '0000-00-00 00:00:00'),
	(1029, 'Icononzo', 29, '0000-00-00 00:00:00', '0000-00-00 00:00:00'),
	(1030, 'Lérida', 29, '0000-00-00 00:00:00', '0000-00-00 00:00:00'),
	(1031, 'Líbano', 29, '0000-00-00 00:00:00', '0000-00-00 00:00:00'),
	(1032, 'Mariquita', 29, '0000-00-00 00:00:00', '0000-00-00 00:00:00'),
	(1033, 'Melgar', 29, '0000-00-00 00:00:00', '0000-00-00 00:00:00'),
	(1034, 'Murillo', 29, '0000-00-00 00:00:00', '0000-00-00 00:00:00'),
	(1035, 'Natagaima', 29, '0000-00-00 00:00:00', '0000-00-00 00:00:00'),
	(1036, 'Ortega', 29, '0000-00-00 00:00:00', '0000-00-00 00:00:00'),
	(1037, 'Palocabildo', 29, '0000-00-00 00:00:00', '0000-00-00 00:00:00'),
	(1038, 'Piedras', 29, '0000-00-00 00:00:00', '0000-00-00 00:00:00'),
	(1039, 'Planadas', 29, '0000-00-00 00:00:00', '0000-00-00 00:00:00'),
	(1040, 'Prado', 29, '0000-00-00 00:00:00', '0000-00-00 00:00:00'),
	(1041, 'Purificación', 29, '0000-00-00 00:00:00', '0000-00-00 00:00:00'),
	(1042, 'Rioblanco', 29, '0000-00-00 00:00:00', '0000-00-00 00:00:00'),
	(1043, 'Roncesvalles', 29, '0000-00-00 00:00:00', '0000-00-00 00:00:00'),
	(1044, 'Rovira', 29, '0000-00-00 00:00:00', '0000-00-00 00:00:00'),
	(1045, 'Saldaña', 29, '0000-00-00 00:00:00', '0000-00-00 00:00:00'),
	(1046, 'San Antonio', 29, '0000-00-00 00:00:00', '0000-00-00 00:00:00'),
	(1047, 'San Luis', 29, '0000-00-00 00:00:00', '0000-00-00 00:00:00'),
	(1048, 'Santa Isabel', 29, '0000-00-00 00:00:00', '0000-00-00 00:00:00'),
	(1049, 'Suárez', 29, '0000-00-00 00:00:00', '0000-00-00 00:00:00'),
	(1050, 'Valle de San Juan', 29, '0000-00-00 00:00:00', '0000-00-00 00:00:00'),
	(1051, 'Venadillo', 29, '0000-00-00 00:00:00', '0000-00-00 00:00:00'),
	(1052, 'Villahermosa', 29, '0000-00-00 00:00:00', '0000-00-00 00:00:00'),
	(1053, 'Villarrica', 29, '0000-00-00 00:00:00', '0000-00-00 00:00:00'),
	(1054, 'Alcalá', 30, '0000-00-00 00:00:00', '0000-00-00 00:00:00'),
	(1055, 'Andalucía', 30, '0000-00-00 00:00:00', '0000-00-00 00:00:00'),
	(1056, 'Ansermanuevo', 30, '0000-00-00 00:00:00', '0000-00-00 00:00:00'),
	(1057, 'Argelia', 30, '0000-00-00 00:00:00', '0000-00-00 00:00:00'),
	(1058, 'Bolívar', 30, '0000-00-00 00:00:00', '0000-00-00 00:00:00'),
	(1059, 'Buenaventura', 30, '0000-00-00 00:00:00', '0000-00-00 00:00:00'),
	(1060, 'Buga', 30, '0000-00-00 00:00:00', '0000-00-00 00:00:00'),
	(1061, 'Bugalagrande', 30, '0000-00-00 00:00:00', '0000-00-00 00:00:00'),
	(1062, 'Caicedonia', 30, '0000-00-00 00:00:00', '0000-00-00 00:00:00'),
	(1063, 'Calima (Darién)', 30, '0000-00-00 00:00:00', '0000-00-00 00:00:00'),
	(1064, 'Calí', 30, '0000-00-00 00:00:00', '0000-00-00 00:00:00'),
	(1065, 'Candelaria', 30, '0000-00-00 00:00:00', '0000-00-00 00:00:00'),
	(1066, 'Cartago', 30, '0000-00-00 00:00:00', '0000-00-00 00:00:00'),
	(1067, 'Dagua', 30, '0000-00-00 00:00:00', '0000-00-00 00:00:00'),
	(1068, 'El Cairo', 30, '0000-00-00 00:00:00', '0000-00-00 00:00:00'),
	(1069, 'El Cerrito', 30, '0000-00-00 00:00:00', '0000-00-00 00:00:00'),
	(1070, 'El Dovio', 30, '0000-00-00 00:00:00', '0000-00-00 00:00:00'),
	(1071, 'El Águila', 30, '0000-00-00 00:00:00', '0000-00-00 00:00:00'),
	(1072, 'Florida', 30, '0000-00-00 00:00:00', '0000-00-00 00:00:00'),
	(1073, 'Ginebra', 30, '0000-00-00 00:00:00', '0000-00-00 00:00:00'),
	(1074, 'Guacarí', 30, '0000-00-00 00:00:00', '0000-00-00 00:00:00'),
	(1075, 'Jamundí', 30, '0000-00-00 00:00:00', '0000-00-00 00:00:00'),
	(1076, 'La Cumbre', 30, '0000-00-00 00:00:00', '0000-00-00 00:00:00'),
	(1077, 'La Unión', 30, '0000-00-00 00:00:00', '0000-00-00 00:00:00'),
	(1078, 'La Victoria', 30, '0000-00-00 00:00:00', '0000-00-00 00:00:00'),
	(1079, 'Obando', 30, '0000-00-00 00:00:00', '0000-00-00 00:00:00'),
	(1080, 'Palmira', 30, '0000-00-00 00:00:00', '0000-00-00 00:00:00'),
	(1081, 'Pradera', 30, '0000-00-00 00:00:00', '0000-00-00 00:00:00'),
	(1082, 'Restrepo', 30, '0000-00-00 00:00:00', '0000-00-00 00:00:00'),
	(1083, 'Riofrío', 30, '0000-00-00 00:00:00', '0000-00-00 00:00:00'),
	(1084, 'Roldanillo', 30, '0000-00-00 00:00:00', '0000-00-00 00:00:00'),
	(1085, 'San Pedro', 30, '0000-00-00 00:00:00', '0000-00-00 00:00:00'),
	(1086, 'Sevilla', 30, '0000-00-00 00:00:00', '0000-00-00 00:00:00'),
	(1087, 'Toro', 30, '0000-00-00 00:00:00', '0000-00-00 00:00:00'),
	(1088, 'Trujillo', 30, '0000-00-00 00:00:00', '0000-00-00 00:00:00'),
	(1089, 'Tulúa', 30, '0000-00-00 00:00:00', '0000-00-00 00:00:00'),
	(1090, 'Ulloa', 30, '0000-00-00 00:00:00', '0000-00-00 00:00:00'),
	(1091, 'Versalles', 30, '0000-00-00 00:00:00', '0000-00-00 00:00:00'),
	(1092, 'Vijes', 30, '0000-00-00 00:00:00', '0000-00-00 00:00:00'),
	(1093, 'Yotoco', 30, '0000-00-00 00:00:00', '0000-00-00 00:00:00'),
	(1094, 'Yumbo', 30, '0000-00-00 00:00:00', '0000-00-00 00:00:00'),
	(1095, 'Zarzal', 30, '0000-00-00 00:00:00', '0000-00-00 00:00:00'),
	(1096, 'Carurú', 31, '0000-00-00 00:00:00', '0000-00-00 00:00:00'),
	(1097, 'Mitú', 31, '0000-00-00 00:00:00', '0000-00-00 00:00:00'),
	(1098, 'Taraira', 31, '0000-00-00 00:00:00', '0000-00-00 00:00:00'),
	(1099, 'Cumaribo', 32, '0000-00-00 00:00:00', '0000-00-00 00:00:00'),
	(1100, 'La Primavera', 32, '0000-00-00 00:00:00', '0000-00-00 00:00:00'),
	(1101, 'Puerto Carreño', 32, '0000-00-00 00:00:00', '0000-00-00 00:00:00'),
	(1102, 'Santa Rosalía', 32, '0000-00-00 00:00:00', '0000-00-00 00:00:00');
/*!40000 ALTER TABLE `municipios` ENABLE KEYS */;


-- Volcando estructura para tabla MyFood_development.nombre_nutricionals
CREATE TABLE IF NOT EXISTS `nombre_nutricionals` (
  `id` int(11) NOT NULL AUTO_INCREMENT,
  `NombresNutricional` varchar(255) DEFAULT NULL,
  `created_at` datetime NOT NULL,
  `updated_at` datetime NOT NULL,
  PRIMARY KEY (`id`)
) ENGINE=InnoDB AUTO_INCREMENT=16 DEFAULT CHARSET=latin1;

-- Volcando datos para la tabla MyFood_development.nombre_nutricionals: ~15 rows (aproximadamente)
/*!40000 ALTER TABLE `nombre_nutricionals` DISABLE KEYS */;
INSERT INTO `nombre_nutricionals` (`id`, `NombresNutricional`, `created_at`, `updated_at`) VALUES
	(1, 'Proteinas', '2015-05-22 19:46:43', '2015-05-22 19:46:43'),
	(2, 'Carbohidratos ', '2015-05-22 19:48:31', '2015-05-22 19:48:31'),
	(3, 'Fibra dietetica ', '2015-05-22 19:48:50', '2015-05-22 19:48:50'),
	(4, 'Ceniza', '2015-05-22 19:49:04', '2015-05-22 19:49:04'),
	(5, 'Calcio', '2015-05-22 19:49:10', '2015-05-22 19:49:10'),
	(6, 'Fosforo', '2015-05-22 19:49:18', '2015-05-22 19:49:18'),
	(7, 'Hierro', '2015-05-22 19:49:31', '2015-05-22 19:49:31'),
	(8, 'Tiamina', '2015-05-22 19:49:39', '2015-05-22 19:49:39'),
	(9, 'Niacina', '2015-05-22 19:50:00', '2015-05-22 19:50:00'),
	(10, 'Colesterol', '2015-05-22 19:50:16', '2015-05-22 19:50:16'),
	(11, 'Potasio', '2015-05-22 19:50:25', '2015-05-22 19:50:25'),
	(12, 'Sodio', '2015-05-22 19:50:38', '2015-05-22 19:50:38'),
	(13, 'Zinc', '2015-05-22 19:50:47', '2015-05-22 19:50:47'),
	(14, 'Magnesio', '2015-05-22 19:51:03', '2015-05-22 19:51:03'),
	(15, 'Acido folico', '2015-05-22 19:51:30', '2015-05-22 19:51:30');
/*!40000 ALTER TABLE `nombre_nutricionals` ENABLE KEYS */;


-- Volcando estructura para tabla MyFood_development.pedidos
CREATE TABLE IF NOT EXISTS `pedidos` (
  `id` int(11) NOT NULL AUTO_INCREMENT,
  `FechaPedido` datetime DEFAULT NULL,
  `Estado` blob,
  `Mesa_id` int(11) DEFAULT NULL,
  `Empleado_id` int(11) DEFAULT NULL,
  `EstadoPedido_id` int(11) DEFAULT NULL,
  `Cliente_id` int(11) DEFAULT NULL,
  `created_at` datetime NOT NULL,
  `updated_at` datetime NOT NULL,
  PRIMARY KEY (`id`),
  KEY `fk_rails_cad4ba84f5` (`Mesa_id`),
  KEY `fk_rails_95f79364d3` (`Empleado_id`),
  KEY `fk_rails_39ff71bb27` (`EstadoPedido_id`),
  KEY `fk_rails_84a8b1b8c9` (`Cliente_id`),
  CONSTRAINT `fk_rails_84a8b1b8c9` FOREIGN KEY (`Cliente_id`) REFERENCES `clientes` (`id`),
  CONSTRAINT `fk_rails_39ff71bb27` FOREIGN KEY (`EstadoPedido_id`) REFERENCES `estado_pedidos` (`id`),
  CONSTRAINT `fk_rails_95f79364d3` FOREIGN KEY (`Empleado_id`) REFERENCES `empleados` (`id`),
  CONSTRAINT `fk_rails_cad4ba84f5` FOREIGN KEY (`Mesa_id`) REFERENCES `mesas` (`id`)
) ENGINE=InnoDB DEFAULT CHARSET=latin1;

-- Volcando datos para la tabla MyFood_development.pedidos: ~0 rows (aproximadamente)
/*!40000 ALTER TABLE `pedidos` DISABLE KEYS */;
/*!40000 ALTER TABLE `pedidos` ENABLE KEYS */;


-- Volcando estructura para tabla MyFood_development.permisos
CREATE TABLE IF NOT EXISTS `permisos` (
  `id` int(11) NOT NULL AUTO_INCREMENT,
  `NombrePermiso` varchar(255) DEFAULT NULL,
  `Eliminar` tinyint(1) DEFAULT NULL,
  `Modificar` tinyint(1) DEFAULT NULL,
  `Ver` tinyint(1) DEFAULT NULL,
  `rols_id` int(11) DEFAULT NULL,
  `created_at` datetime NOT NULL,
  `updated_at` datetime NOT NULL,
  PRIMARY KEY (`id`),
  KEY `fk_rails_9c08aeec56` (`rols_id`),
  CONSTRAINT `fk_rails_9c08aeec56` FOREIGN KEY (`rols_id`) REFERENCES `rols` (`id`)
) ENGINE=InnoDB AUTO_INCREMENT=2 DEFAULT CHARSET=latin1;

-- Volcando datos para la tabla MyFood_development.permisos: ~0 rows (aproximadamente)
/*!40000 ALTER TABLE `permisos` DISABLE KEYS */;
INSERT INTO `permisos` (`id`, `NombrePermiso`, `Eliminar`, `Modificar`, `Ver`, `rols_id`, `created_at`, `updated_at`) VALUES
	(1, 'Platos', 1, 1, 1, 1, '2015-05-22 15:08:25', '2015-05-22 15:08:25');
/*!40000 ALTER TABLE `permisos` ENABLE KEYS */;


-- Volcando estructura para tabla MyFood_development.personas
CREATE TABLE IF NOT EXISTS `personas` (
  `id` int(11) NOT NULL AUTO_INCREMENT,
  `Nombre1` varchar(255) DEFAULT NULL,
  `Nombre2` varchar(255) DEFAULT NULL,
  `Apellido1` varchar(255) DEFAULT NULL,
  `Apellido2` varchar(255) DEFAULT NULL,
  `FechNac` date DEFAULT NULL,
  `NumTelefonoPersonal` varchar(255) DEFAULT NULL,
  `NumTelefonoTrabajo` varchar(255) DEFAULT NULL,
  `Email1` varchar(255) DEFAULT NULL,
  `Email2` varchar(255) DEFAULT NULL,
  `TipoIdentificacion` varchar(255) DEFAULT NULL,
  `NumeroIdentificacion` varchar(255) DEFAULT NULL,
  `Genero` varchar(255) DEFAULT NULL,
  `Estado` int(11) DEFAULT NULL,
  `Direccion` varchar(255) DEFAULT NULL,
  `Departamento_id` int(11) DEFAULT NULL,
  `Imagen_id` int(11) DEFAULT NULL,
  `created_at` datetime NOT NULL,
  `updated_at` datetime NOT NULL,
  PRIMARY KEY (`id`),
  KEY `fk_rails_b587fd6fb8` (`Departamento_id`),
  KEY `fk_rails_a2ad4165e1` (`Imagen_id`),
  CONSTRAINT `fk_rails_a2ad4165e1` FOREIGN KEY (`Imagen_id`) REFERENCES `imagens` (`id`),
  CONSTRAINT `fk_rails_b587fd6fb8` FOREIGN KEY (`Departamento_id`) REFERENCES `departamentos` (`id`)
) ENGINE=InnoDB DEFAULT CHARSET=latin1;

-- Volcando datos para la tabla MyFood_development.personas: ~0 rows (aproximadamente)
/*!40000 ALTER TABLE `personas` DISABLE KEYS */;
/*!40000 ALTER TABLE `personas` ENABLE KEYS */;


-- Volcando estructura para tabla MyFood_development.platos
CREATE TABLE IF NOT EXISTS `platos` (
  `id` int(11) NOT NULL AUTO_INCREMENT,
  `NombrePlato` varchar(255) DEFAULT NULL,
  `PrecioUnitario` decimal(10,0) DEFAULT NULL,
  `Minutos_preparacion` int(11) DEFAULT NULL,
  `Estado` int(11) DEFAULT NULL,
  `Descripcion` varchar(255) DEFAULT NULL,
  `tipo_plato_id` int(11) DEFAULT NULL,
  `imagen_id` int(11) DEFAULT NULL,
  `created_at` datetime NOT NULL,
  `updated_at` datetime NOT NULL,
  PRIMARY KEY (`id`),
  KEY `fk_rails_7034378d44` (`tipo_plato_id`),
  KEY `fk_rails_f4fc58b190` (`imagen_id`),
  CONSTRAINT `fk_rails_f4fc58b190` FOREIGN KEY (`imagen_id`) REFERENCES `imagens` (`id`),
  CONSTRAINT `fk_rails_7034378d44` FOREIGN KEY (`tipo_plato_id`) REFERENCES `tipo_platos` (`id`)
) ENGINE=InnoDB DEFAULT CHARSET=latin1;

-- Volcando datos para la tabla MyFood_development.platos: ~0 rows (aproximadamente)
/*!40000 ALTER TABLE `platos` DISABLE KEYS */;
/*!40000 ALTER TABLE `platos` ENABLE KEYS */;


-- Volcando estructura para tabla MyFood_development.rols
CREATE TABLE IF NOT EXISTS `rols` (
  `id` int(11) NOT NULL AUTO_INCREMENT,
  `NombreRol` varchar(255) DEFAULT NULL,
  `Nota` text,
  `created_at` datetime NOT NULL,
  `updated_at` datetime NOT NULL,
  PRIMARY KEY (`id`)
) ENGINE=InnoDB AUTO_INCREMENT=6 DEFAULT CHARSET=latin1;

-- Volcando datos para la tabla MyFood_development.rols: ~5 rows (aproximadamente)
/*!40000 ALTER TABLE `rols` DISABLE KEYS */;
INSERT INTO `rols` (`id`, `NombreRol`, `Nota`, `created_at`, `updated_at`) VALUES
	(1, 'Administrador', 'Control de todo', '2015-05-22 14:47:01', '2015-05-22 14:47:01'),
	(2, 'Cajero', 'Acceso al dinero', '2015-05-22 14:47:43', '2015-05-22 14:51:20'),
	(3, 'Mesero', 'Atiende a los clientes', '2015-05-22 14:51:53', '2015-05-22 14:51:53'),
	(4, 'Cocinera', 'Prepara comida', '2015-05-22 14:52:10', '2015-05-22 14:52:10'),
	(5, 'Aseador', '', '2015-05-22 14:52:31', '2015-05-22 14:52:31');
/*!40000 ALTER TABLE `rols` ENABLE KEYS */;


-- Volcando estructura para tabla MyFood_development.schema_migrations
CREATE TABLE IF NOT EXISTS `schema_migrations` (
  `version` varchar(255) NOT NULL,
  UNIQUE KEY `unique_schema_migrations` (`version`)
) ENGINE=InnoDB DEFAULT CHARSET=latin1;

-- Volcando datos para la tabla MyFood_development.schema_migrations: ~28 rows (aproximadamente)
/*!40000 ALTER TABLE `schema_migrations` DISABLE KEYS */;
INSERT INTO `schema_migrations` (`version`) VALUES
	('20150515013530'),
	('20150515013814'),
	('20150515014409'),
	('20150515041211'),
	('20150515042700'),
	('20150515044712'),
	('20150515050209'),
	('20150515050510'),
	('20150515050634'),
	('20150515051134'),
	('20150515052154'),
	('20150515052702'),
	('20150515053254'),
	('20150515053457'),
	('20150515054004'),
	('20150515054921'),
	('20150516035131'),
	('20150516055522'),
	('20150516055710'),
	('20150516060114'),
	('20150516061020'),
	('20150516061430'),
	('20150516234537'),
	('20150516235554'),
	('20150517000107'),
	('20150519021755'),
	('20150522204306'),
	('20150522204357');
/*!40000 ALTER TABLE `schema_migrations` ENABLE KEYS */;


-- Volcando estructura para tabla MyFood_development.suministros
CREATE TABLE IF NOT EXISTS `suministros` (
  `id` int(11) NOT NULL AUTO_INCREMENT,
  `FechaSumnistro` datetime DEFAULT NULL,
  `TotalPagar` decimal(10,0) DEFAULT NULL,
  `EstadoPago` varchar(255) DEFAULT NULL,
  `Empresa_id` int(11) DEFAULT NULL,
  `created_at` datetime NOT NULL,
  `updated_at` datetime NOT NULL,
  PRIMARY KEY (`id`),
  KEY `fk_rails_20c8908e28` (`Empresa_id`),
  CONSTRAINT `fk_rails_20c8908e28` FOREIGN KEY (`Empresa_id`) REFERENCES `empresas` (`id`)
) ENGINE=InnoDB DEFAULT CHARSET=latin1;

-- Volcando datos para la tabla MyFood_development.suministros: ~0 rows (aproximadamente)
/*!40000 ALTER TABLE `suministros` DISABLE KEYS */;
/*!40000 ALTER TABLE `suministros` ENABLE KEYS */;


-- Volcando estructura para tabla MyFood_development.tipo_ingredientes
CREATE TABLE IF NOT EXISTS `tipo_ingredientes` (
  `id` int(11) NOT NULL AUTO_INCREMENT,
  `NombreTipoIngrediente` varchar(255) DEFAULT NULL,
  `created_at` datetime NOT NULL,
  `updated_at` datetime NOT NULL,
  PRIMARY KEY (`id`)
) ENGINE=InnoDB AUTO_INCREMENT=18 DEFAULT CHARSET=latin1;

-- Volcando datos para la tabla MyFood_development.tipo_ingredientes: ~17 rows (aproximadamente)
/*!40000 ALTER TABLE `tipo_ingredientes` DISABLE KEYS */;
INSERT INTO `tipo_ingredientes` (`id`, `NombreTipoIngrediente`, `created_at`, `updated_at`) VALUES
	(1, 'Lacteo', '2015-05-22 19:54:32', '2015-05-22 19:54:32'),
	(2, 'Huevos', '2015-05-22 19:55:03', '2015-05-22 19:55:03'),
	(3, 'Carne de res', '2015-05-22 19:55:14', '2015-05-22 19:55:14'),
	(4, 'Carne de cerdo', '2015-05-22 19:55:29', '2015-05-22 19:55:29'),
	(5, 'Carne de animales de caza', '2015-05-22 19:55:56', '2015-05-22 19:55:56'),
	(6, 'Embutidos y similares', '2015-05-22 19:56:20', '2015-05-22 19:56:20'),
	(7, 'Mariscos y Pescado', '2015-05-22 19:56:39', '2015-05-22 19:56:39'),
	(8, 'Leguminosas, granos secos y derivados', '2015-05-22 19:57:08', '2015-05-22 19:57:08'),
	(9, 'Verduras, Hortalizas y otros vegetales', '2015-05-22 19:58:03', '2015-05-22 19:58:03'),
	(10, 'Frutas y jugos de fruta', '2015-05-22 19:58:30', '2015-05-22 19:58:30'),
	(11, 'Cereales', '2015-05-22 19:58:50', '2015-05-22 19:58:50'),
	(12, 'Galletas, pan, tortas y similares', '2015-05-22 19:59:20', '2015-05-22 19:59:20'),
	(13, 'Azucares, mieles y golosinas ', '2015-05-22 19:59:40', '2015-05-22 19:59:40'),
	(14, 'Aceites y grasas', '2015-05-22 20:00:01', '2015-05-22 20:00:01'),
	(15, 'Bebidas', '2015-05-22 20:00:18', '2015-05-22 20:00:18'),
	(16, 'Sopas', '2015-05-22 20:00:45', '2015-05-22 20:00:45'),
	(17, 'Condimentos', '2015-05-22 20:01:07', '2015-05-22 20:01:07');
/*!40000 ALTER TABLE `tipo_ingredientes` ENABLE KEYS */;


-- Volcando estructura para tabla MyFood_development.tipo_platos
CREATE TABLE IF NOT EXISTS `tipo_platos` (
  `id` int(11) NOT NULL AUTO_INCREMENT,
  `NombreTipoPlato` varchar(255) DEFAULT NULL,
  `created_at` datetime NOT NULL,
  `updated_at` datetime NOT NULL,
  PRIMARY KEY (`id`)
) ENGINE=InnoDB DEFAULT CHARSET=latin1;

-- Volcando datos para la tabla MyFood_development.tipo_platos: ~0 rows (aproximadamente)
/*!40000 ALTER TABLE `tipo_platos` DISABLE KEYS */;
/*!40000 ALTER TABLE `tipo_platos` ENABLE KEYS */;


-- Volcando estructura para tabla MyFood_development.unidad_medidas
CREATE TABLE IF NOT EXISTS `unidad_medidas` (
  `id` int(11) NOT NULL AUTO_INCREMENT,
  `Unidad` varchar(255) DEFAULT NULL,
  `NombreCompleto` varchar(255) DEFAULT NULL,
  `created_at` datetime NOT NULL,
  `updated_at` datetime NOT NULL,
  PRIMARY KEY (`id`)
) ENGINE=InnoDB AUTO_INCREMENT=6 DEFAULT CHARSET=latin1;

-- Volcando datos para la tabla MyFood_development.unidad_medidas: ~5 rows (aproximadamente)
/*!40000 ALTER TABLE `unidad_medidas` DISABLE KEYS */;
INSERT INTO `unidad_medidas` (`id`, `Unidad`, `NombreCompleto`, `created_at`, `updated_at`) VALUES
	(1, 'Kg', 'Kilogramo', '2015-05-20 12:50:55', '2015-05-20 12:50:55'),
	(2, 'Lb', 'Libra', '2015-05-20 12:51:19', '2015-05-20 12:51:19'),
	(3, 'Gr', 'Gramos', '2015-05-20 12:51:36', '2015-05-20 12:51:36'),
	(4, 'L', 'Litro', '2015-05-22 20:08:07', '2015-05-22 20:08:07'),
	(5, 'ml', 'Mililitro', '2015-05-22 20:09:16', '2015-05-22 20:09:28');
/*!40000 ALTER TABLE `unidad_medidas` ENABLE KEYS */;


-- Volcando estructura para tabla MyFood_development.usuarios
CREATE TABLE IF NOT EXISTS `usuarios` (
  `id` int(11) NOT NULL AUTO_INCREMENT,
  `email` varchar(255) NOT NULL DEFAULT '',
  `encrypted_password` varchar(255) NOT NULL DEFAULT '',
  `reset_password_token` varchar(255) DEFAULT NULL,
  `reset_password_sent_at` datetime DEFAULT NULL,
  `remember_created_at` datetime DEFAULT NULL,
  `sign_in_count` int(11) NOT NULL DEFAULT '0',
  `current_sign_in_at` datetime DEFAULT NULL,
  `last_sign_in_at` datetime DEFAULT NULL,
  `current_sign_in_ip` varchar(255) DEFAULT NULL,
  `last_sign_in_ip` varchar(255) DEFAULT NULL,
  `Empleado_id` int(11) DEFAULT NULL,
  `created_at` datetime DEFAULT NULL,
  `updated_at` datetime DEFAULT NULL,
  PRIMARY KEY (`id`),
  UNIQUE KEY `index_usuarios_on_email` (`email`),
  UNIQUE KEY `index_usuarios_on_reset_password_token` (`reset_password_token`),
  KEY `fk_rails_4fadfec06f` (`Empleado_id`),
  CONSTRAINT `fk_rails_4fadfec06f` FOREIGN KEY (`Empleado_id`) REFERENCES `empleados` (`id`)
) ENGINE=InnoDB AUTO_INCREMENT=2 DEFAULT CHARSET=latin1;

-- Volcando datos para la tabla MyFood_development.usuarios: ~1 rows (aproximadamente)
/*!40000 ALTER TABLE `usuarios` DISABLE KEYS */;
INSERT INTO `usuarios` (`id`, `email`, `encrypted_password`, `reset_password_token`, `reset_password_sent_at`, `remember_created_at`, `sign_in_count`, `current_sign_in_at`, `last_sign_in_at`, `current_sign_in_ip`, `last_sign_in_ip`, `Empleado_id`, `created_at`, `updated_at`) VALUES
	(1, 'anlijudavid@gmail.com', '$2a$10$cN7WaioR1CLn.838l9FYwOyRFZUKMRO8saoerz7ZBGbut6cn5QoR6', NULL, NULL, NULL, 1, '2015-05-22 18:58:52', '2015-05-22 18:58:52', '127.0.0.1', '127.0.0.1', NULL, '2015-05-22 18:58:52', '2015-05-22 18:58:52');
/*!40000 ALTER TABLE `usuarios` ENABLE KEYS */;


-- Volcando estructura para tabla MyFood_development.valor_nutricionals
CREATE TABLE IF NOT EXISTS `valor_nutricionals` (
  `id` int(11) NOT NULL AUTO_INCREMENT,
  `CantidadXPorcion` decimal(10,0) DEFAULT NULL,
  `Descripcion` varchar(255) DEFAULT NULL,
  `UnidadMedida_id` int(11) DEFAULT NULL,
  `Ingrediente_id` int(11) DEFAULT NULL,
  `created_at` datetime NOT NULL,
  `updated_at` datetime NOT NULL,
  PRIMARY KEY (`id`),
  KEY `fk_rails_93df46e12d` (`UnidadMedida_id`),
  KEY `fk_rails_fe7b671b37` (`Ingrediente_id`),
  CONSTRAINT `fk_rails_fe7b671b37` FOREIGN KEY (`Ingrediente_id`) REFERENCES `ingredientes` (`id`),
  CONSTRAINT `fk_rails_93df46e12d` FOREIGN KEY (`UnidadMedida_id`) REFERENCES `unidad_medidas` (`id`)
) ENGINE=InnoDB DEFAULT CHARSET=latin1;

-- Volcando datos para la tabla MyFood_development.valor_nutricionals: ~0 rows (aproximadamente)
/*!40000 ALTER TABLE `valor_nutricionals` DISABLE KEYS */;
/*!40000 ALTER TABLE `valor_nutricionals` ENABLE KEYS */;
/*!40101 SET SQL_MODE=IFNULL(@OLD_SQL_MODE, '') */;
/*!40014 SET FOREIGN_KEY_CHECKS=IF(@OLD_FOREIGN_KEY_CHECKS IS NULL, 1, @OLD_FOREIGN_KEY_CHECKS) */;
/*!40101 SET CHARACTER_SET_CLIENT=@OLD_CHARACTER_SET_CLIENT */;
